order_id,order_date,supplier_id,product_id,order_quantity,expected_delivery_date
1,2023-11-24,4,2,199,2023-12-13
2,2023-05-21,8,15,45,2023-06-09
3,2023-02-22,18,6,161,2023-03-20
4,2023-08-05,2,2,33,2023-08-11
5,2023-04-22,8,33,164,2023-05-11
6,2023-01-14,18,13,193,2023-02-09
7,2023-11-29,18,27,66,2023-12-25
8,2023-08-18,19,18,11,2023-09-01
9,2023-03-23,14,22,81,2023-04-04
10,2023-03-21,7,49,96,2023-04-02
11,2023-02-22,3,25,34,2023-03-18
12,2023-07-03,12,39,77,2023-07-11
13,2023-01-23,15,35,41,2023-01-31
14,2023-07-13,3,36,85,2023-08-06
15,2023-11-18,20,24,157,2023-11-26
16,2023-04-09,3,3,179,2023-05-03
17,2023-04-27,10,6,69,2023-05-15
18,2023-02-21,13,18,126,2023-03-15
19,2023-11-22,12,11,104,2023-11-30
20,2023-07-01,7,43,78,2023-07-13
21,2023-12-26,3,39,172,2024-01-19
22,2023-03-29,18,47,72,2023-04-24
23,2023-03-25,15,25,79,2023-04-02
24,2023-11-24,18,15,185,2023-12-20
25,2023-06-16,2,15,18,2023-06-22
26,2023-06-11,13,18,26,2023-07-03
27,2023-04-19,19,46,90,2023-05-03
28,2023-04-19,16,26,174,2023-04-25
29,2023-08-23,5,17,45,2023-09-03
30,2023-05-07,18,35,77,2023-06-02
31,2023-10-27,14,38,112,2023-11-08
32,2023-07-05,8,9,140,2023-07-24
33,2023-09-10,3,49,22,2023-10-04
34,2023-02-26,5,41,50,2023-03-09
35,2023-12-15,14,39,26,2023-12-27
36,2023-07-17,13,39,129,2023-08-08
37,2023-09-28,9,36,12,2023-10-05
38,2023-12-15,4,44,147,2024-01-03
39,2023-05-17,11,8,85,2023-06-07
40,2023-08-11,6,30,10,2023-08-27
41,2023-05-15,17,49,55,2023-05-25
42,2023-09-17,4,41,86,2023-10-06
43,2023-11-24,17,39,60,2023-12-04
44,2023-03-20,12,49,51,2023-03-28
45,2023-10-04,17,1,163,2023-10-14
46,2023-06-15,16,2,38,2023-06-21
47,2023-07-05,10,16,24,2023-07-23
48,2023-05-04,19,6,31,2023-05-18
49,2023-09-06,3,49,146,2023-09-30
50,2023-03-06,5,43,131,2023-03-17
51,2023-10-09,6,17,145,2023-10-25
52,2023-11-07,14,14,148,2023-11-19
53,2023-12-20,7,46,89,2024-01-01
54,2023-07-24,12,29,142,2023-08-01
55,2023-08-20,4,16,67,2023-09-08
56,2023-02-02,11,2,160,2023-02-23
57,2023-10-11,8,38,66,2023-10-30
58,2023-01-04,3,46,171,2023-01-28
59,2023-01-31,8,5,18,2023-02-19
60,2023-06-19,3,33,70,2023-07-13
61,2023-05-23,16,14,148,2023-05-29
62,2023-03-09,19,37,131,2023-03-23
63,2023-05-05,16,27,58,2023-05-11
64,2023-02-18,4,43,120,2023-03-09
65,2023-07-01,14,27,129,2023-07-13
66,2023-01-28,4,4,113,2023-02-16
67,2023-06-23,4,16,59,2023-07-12
68,2023-04-08,18,29,45,2023-05-04
69,2023-08-05,6,18,128,2023-08-21
70,2023-05-08,3,29,150,2023-06-01
71,2023-02-20,2,42,148,2023-02-26
72,2023-01-08,3,49,70,2023-02-01
73,2023-03-27,14,32,133,2023-04-08
74,2023-04-20,13,4,52,2023-05-12
75,2023-07-14,1,25,77,2023-08-08
76,2023-08-21,10,28,188,2023-09-08
77,2023-10-12,16,10,58,2023-10-18
78,2023-06-01,7,4,158,2023-06-13
79,2023-10-05,2,48,90,2023-10-11
80,2023-01-30,2,38,132,2023-02-05
81,2023-09-15,17,11,24,2023-09-25
82,2023-09-18,3,12,27,2023-10-12
83,2023-11-01,3,44,70,2023-11-25
84,2023-07-26,4,37,73,2023-08-14
85,2023-10-24,20,3,168,2023-11-01
86,2023-02-11,14,43,159,2023-02-23
87,2023-10-17,17,21,76,2023-10-27
88,2023-04-15,11,16,77,2023-05-06
89,2023-07-22,5,43,175,2023-08-02
90,2023-06-03,15,21,28,2023-06-11
91,2023-01-05,15,40,154,2023-01-13
92,2023-02-21,3,35,64,2023-03-17
93,2023-09-17,9,9,99,2023-09-24
94,2023-02-05,8,24,82,2023-02-24
95,2023-03-22,15,35,190,2023-03-30
96,2023-06-04,20,42,145,2023-06-12
97,2023-01-05,18,20,179,2023-01-31
98,2023-02-23,5,17,39,2023-03-06
99,2023-02-24,18,10,79,2023-03-22
100,2023-05-25,20,14,193,2023-06-02
101,2023-06-25,7,44,172,2023-07-07
102,2023-05-16,17,32,74,2023-05-26
103,2023-01-27,3,41,118,2023-02-20
104,2023-05-22,2,1,95,2023-05-28
105,2023-03-08,9,11,199,2023-03-15
106,2023-08-15,18,46,119,2023-09-10
107,2023-10-15,1,8,29,2023-11-09
108,2023-12-20,5,35,19,2023-12-31
109,2023-07-09,19,36,47,2023-07-23
110,2023-08-09,5,3,88,2023-08-20
111,2023-07-06,2,23,63,2023-07-12
112,2023-12-16,8,43,36,2024-01-04
113,2023-07-01,18,27,168,2023-07-27
114,2023-03-21,8,11,55,2023-04-09
115,2023-07-31,1,12,198,2023-08-25
116,2023-06-20,14,43,198,2023-07-02
117,2023-05-08,9,11,189,2023-05-15
118,2023-02-25,13,3,130,2023-03-19
119,2023-04-24,7,30,99,2023-05-06
120,2023-06-06,8,15,16,2023-06-25
121,2023-12-04,7,26,94,2023-12-16
122,2023-05-23,3,50,81,2023-06-16
123,2023-06-29,17,26,183,2023-07-09
124,2023-10-02,11,2,39,2023-10-23
125,2023-05-14,6,38,77,2023-05-30
126,2023-01-20,4,39,121,2023-02-08
127,2023-06-26,11,28,165,2023-07-17
128,2023-09-19,4,25,157,2023-10-08
129,2023-04-08,9,3,191,2023-04-15
130,2023-08-12,1,34,147,2023-09-06
131,2023-12-18,7,24,120,2023-12-30
132,2023-02-05,11,40,90,2023-02-26
133,2023-12-06,4,47,86,2023-12-25
134,2023-09-17,10,43,114,2023-10-05
135,2023-06-17,13,45,85,2023-07-09
136,2023-10-11,5,13,117,2023-10-22
137,2023-12-07,13,44,54,2023-12-29
138,2023-11-12,19,20,113,2023-11-26
139,2023-10-08,1,20,83,2023-11-02
140,2023-04-18,14,38,165,2023-04-30
141,2023-12-02,11,30,123,2023-12-23
142,2023-08-15,7,33,131,2023-08-27
143,2023-03-28,3,19,141,2023-04-21
144,2023-12-06,20,22,33,2023-12-14
145,2023-05-01,10,15,60,2023-05-19
146,2023-03-17,1,3,72,2023-04-11
147,2023-09-01,20,50,28,2023-09-09
148,2023-08-22,14,41,157,2023-09-03
149,2023-04-10,13,32,112,2023-05-02
150,2023-05-05,5,42,186,2023-05-16
151,2023-01-03,4,50,118,2023-01-22
152,2023-04-23,6,45,142,2023-05-09
153,2023-08-26,2,36,73,2023-09-01
154,2023-03-04,15,9,128,2023-03-12
155,2023-12-08,17,36,162,2023-12-18
156,2023-06-12,15,40,194,2023-06-20
157,2023-09-16,14,36,124,2023-09-28
158,2023-03-23,16,29,76,2023-03-29
159,2023-05-07,9,50,143,2023-05-14
160,2023-09-06,8,18,122,2023-09-25
161,2023-02-09,10,16,79,2023-02-27
162,2023-06-21,11,35,30,2023-07-12
163,2023-03-12,5,15,108,2023-03-23
164,2023-12-22,5,46,64,2024-01-02
165,2023-02-02,14,27,94,2023-02-14
166,2023-10-05,15,27,25,2023-10-13
167,2023-04-16,14,25,159,2023-04-28
168,2023-12-23,1,49,157,2024-01-17
169,2023-07-14,16,1,100,2023-07-20
170,2023-06-02,13,27,147,2023-06-24
171,2023-10-07,20,15,134,2023-10-15
172,2023-04-23,9,28,134,2023-04-30
173,2023-01-15,13,22,181,2023-02-06
174,2023-12-14,13,47,52,2024-01-05
175,2023-08-28,5,40,146,2023-09-08
176,2023-01-14,13,38,154,2023-02-05
177,2023-12-06,1,6,174,2023-12-31
178,2023-08-08,5,30,56,2023-08-19
179,2023-01-26,9,25,93,2023-02-02
180,2023-04-19,15,21,96,2023-04-27
181,2023-07-14,9,49,117,2023-07-21
182,2023-05-10,3,31,14,2023-06-03
183,2023-10-04,2,23,67,2023-10-10
184,2023-11-29,3,50,176,2023-12-23
185,2023-01-21,1,16,61,2023-02-15
186,2023-01-11,20,10,71,2023-01-19
187,2023-03-06,16,43,39,2023-03-12
188,2023-10-16,7,30,189,2023-10-28
189,2023-05-12,12,11,165,2023-05-20
190,2023-11-07,4,50,51,2023-11-26
191,2023-06-09,4,38,16,2023-06-28
192,2023-06-09,19,44,106,2023-06-23
193,2023-07-23,7,5,161,2023-08-04
194,2023-12-20,8,7,188,2024-01-08
195,2023-06-04,20,8,154,2023-06-12
196,2023-01-22,12,35,119,2023-01-30
197,2023-12-05,12,5,139,2023-12-13
198,2023-11-28,11,1,117,2023-12-19
199,2023-09-08,4,28,102,2023-09-27
200,2023-11-22,15,46,49,2023-11-30
201,2023-08-11,6,47,143,2023-08-27
202,2023-11-30,9,40,147,2023-12-07
203,2023-09-05,15,28,197,2023-09-13
204,2023-10-31,9,21,72,2023-11-07
205,2023-02-14,9,29,72,2023-02-21
206,2023-08-26,19,40,181,2023-09-09
207,2023-07-14,11,2,136,2023-08-04
208,2023-06-16,6,32,64,2023-07-02
209,2023-07-01,9,22,81,2023-07-08
210,2023-11-02,9,36,12,2023-11-09
211,2023-09-22,7,6,71,2023-10-04
212,2023-07-28,16,36,71,2023-08-03
213,2023-12-20,16,42,192,2023-12-26
214,2023-09-09,15,2,33,2023-09-17
215,2023-05-31,8,26,187,2023-06-19
216,2023-05-05,10,43,158,2023-05-23
217,2023-07-08,16,36,145,2023-07-14
218,2023-06-26,14,48,150,2023-07-08
219,2023-06-19,12,45,126,2023-06-27
220,2023-05-19,10,17,69,2023-06-06
221,2023-03-03,7,21,40,2023-03-15
222,2023-10-02,6,13,65,2023-10-18
223,2023-09-05,9,47,160,2023-09-12
224,2023-09-26,20,19,35,2023-10-04
225,2023-04-10,10,15,102,2023-04-28
226,2023-04-02,10,1,191,2023-04-20
227,2023-10-01,5,18,21,2023-10-12
228,2023-01-28,18,19,188,2023-02-23
229,2023-03-06,16,7,13,2023-03-12
230,2023-10-21,10,31,132,2023-11-08
231,2023-08-14,11,12,23,2023-09-04
232,2023-05-10,16,8,26,2023-05-16
233,2023-07-25,16,5,157,2023-07-31
234,2023-11-19,2,10,48,2023-11-25
235,2023-10-16,10,6,73,2023-11-03
236,2023-03-02,18,49,116,2023-03-28
237,2023-11-07,20,40,67,2023-11-15
238,2023-09-25,13,29,123,2023-10-17
239,2023-06-02,19,28,88,2023-06-16
240,2023-10-19,20,4,166,2023-10-27
241,2023-02-20,7,41,64,2023-03-04
242,2023-05-16,3,11,71,2023-06-09
243,2023-03-30,18,5,50,2023-04-25
244,2023-01-02,14,29,186,2023-01-14
245,2023-11-01,16,19,18,2023-11-07
246,2023-04-29,10,46,82,2023-05-17
247,2023-12-26,15,5,185,2024-01-03
248,2023-04-30,9,41,160,2023-05-07
249,2023-12-05,7,28,39,2023-12-17
250,2023-10-06,8,42,48,2023-10-25
251,2023-05-17,5,5,25,2023-05-28
252,2023-03-26,10,39,155,2023-04-13
253,2023-05-28,15,8,129,2023-06-05
254,2023-12-19,10,45,113,2024-01-06
255,2023-05-20,17,35,136,2023-05-30
256,2023-08-13,3,39,20,2023-09-06
257,2023-08-10,11,39,74,2023-08-31
258,2023-01-14,3,15,182,2023-02-07
259,2023-10-22,19,2,182,2023-11-05
260,2023-05-18,19,3,54,2023-06-01
261,2023-08-29,17,42,123,2023-09-08
262,2023-05-23,6,38,121,2023-06-08
263,2023-11-22,16,6,130,2023-11-28
264,2023-06-28,14,22,92,2023-07-10
265,2023-12-10,4,11,94,2023-12-29
266,2023-07-30,16,19,179,2023-08-05
267,2023-07-25,18,3,126,2023-08-20
268,2023-02-15,11,17,92,2023-03-08
269,2023-03-01,13,33,10,2023-03-23
270,2023-12-03,18,30,115,2023-12-29
271,2023-01-28,7,34,102,2023-02-09
272,2023-11-15,16,41,123,2023-11-21
273,2023-01-27,7,18,150,2023-02-08
274,2023-03-09,10,29,188,2023-03-27
275,2023-09-06,4,2,171,2023-09-25
276,2023-11-08,8,46,50,2023-11-27
277,2023-06-09,18,1,151,2023-07-05
278,2023-07-28,3,15,39,2023-08-21
279,2023-08-25,4,42,49,2023-09-13
280,2023-09-13,10,33,190,2023-10-01
281,2023-05-20,14,31,130,2023-06-01
282,2023-05-05,15,36,47,2023-05-13
283,2023-07-16,7,39,140,2023-07-28
284,2023-03-11,3,18,116,2023-04-04
285,2023-06-24,17,18,10,2023-07-04
286,2023-05-25,10,38,158,2023-06-12
287,2023-12-04,16,10,124,2023-12-10
288,2023-10-03,16,23,95,2023-10-09
289,2023-10-10,18,25,126,2023-11-05
290,2023-06-14,7,45,71,2023-06-26
291,2023-10-20,13,15,115,2023-11-11
292,2023-01-23,11,48,131,2023-02-13
293,2023-12-28,13,25,179,2024-01-19
294,2023-11-30,5,32,19,2023-12-11
295,2023-03-06,17,38,94,2023-03-16
296,2023-02-21,15,7,144,2023-03-01
297,2023-08-22,1,47,46,2023-09-16
298,2023-07-29,5,5,130,2023-08-09
299,2023-05-16,11,40,187,2023-06-06
300,2023-07-23,3,22,182,2023-08-16
301,2023-10-01,13,21,170,2023-10-23
302,2023-09-07,18,3,168,2023-10-03
303,2023-02-05,8,41,185,2023-02-24
304,2023-05-28,8,48,33,2023-06-16
305,2023-08-11,4,49,172,2023-08-30
306,2023-12-27,4,29,52,2024-01-15
307,2023-12-22,10,2,21,2024-01-09
308,2023-06-16,2,19,101,2023-06-22
309,2023-07-11,14,10,72,2023-07-23
310,2023-09-29,14,37,184,2023-10-11
311,2023-04-03,6,12,30,2023-04-19
312,2023-11-09,13,40,184,2023-12-01
313,2023-05-04,16,38,46,2023-05-10
314,2023-04-29,15,41,75,2023-05-07
315,2023-08-24,9,43,12,2023-08-31
316,2023-08-27,10,44,149,2023-09-14
317,2023-03-22,3,29,98,2023-04-15
318,2023-10-28,10,41,118,2023-11-15
319,2023-12-20,9,30,87,2023-12-27
320,2023-04-12,13,31,37,2023-05-04
321,2023-05-02,13,37,101,2023-05-24
322,2023-10-22,10,45,85,2023-11-09
323,2023-01-12,13,18,12,2023-02-03
324,2023-10-17,2,39,200,2023-10-23
325,2023-09-12,10,50,68,2023-09-30
326,2023-11-07,12,15,172,2023-11-15
327,2023-04-08,20,17,183,2023-04-16
328,2023-12-04,5,41,34,2023-12-15
329,2023-11-18,2,20,122,2023-11-24
330,2023-01-18,19,24,197,2023-02-01
331,2023-03-09,3,19,93,2023-04-02
332,2023-08-01,6,13,43,2023-08-17
333,2023-10-04,12,34,138,2023-10-12
334,2023-05-20,6,17,133,2023-06-05
335,2023-06-01,11,8,129,2023-06-22
336,2023-02-08,5,49,67,2023-02-19
337,2023-12-13,13,36,103,2024-01-04
338,2023-02-16,13,1,77,2023-03-10
339,2023-10-02,4,30,104,2023-10-21
340,2023-12-11,9,38,107,2023-12-18
341,2023-11-23,12,7,182,2023-12-01
342,2023-04-30,16,2,168,2023-05-06
343,2023-10-15,11,40,66,2023-11-05
344,2023-11-28,3,41,128,2023-12-22
345,2023-12-25,10,42,114,2024-01-12
346,2023-03-01,5,3,19,2023-03-12
347,2023-06-05,16,8,34,2023-06-11
348,2023-05-01,18,9,109,2023-05-27
349,2023-08-21,12,43,200,2023-08-29
350,2023-12-23,18,27,160,2024-01-18
351,2023-03-21,14,42,35,2023-04-02
352,2023-09-08,20,27,81,2023-09-16
353,2023-01-17,12,14,123,2023-01-25
354,2023-08-16,8,24,35,2023-09-04
355,2023-12-18,12,35,175,2023-12-26
356,2023-07-03,2,26,80,2023-07-09
357,2023-04-08,4,30,33,2023-04-27
358,2023-12-06,7,42,173,2023-12-18
359,2023-11-02,1,4,95,2023-11-27
360,2023-05-05,5,37,62,2023-05-16
361,2023-02-05,18,14,160,2023-03-03
362,2023-04-21,8,22,47,2023-05-10
363,2023-11-02,1,18,47,2023-11-27
364,2023-03-08,18,17,54,2023-04-03
365,2023-02-26,1,9,13,2023-03-23
366,2023-07-03,8,38,92,2023-07-22
367,2023-01-09,6,17,23,2023-01-25
368,2023-03-06,14,34,39,2023-03-18
369,2023-02-02,16,29,102,2023-02-08
370,2023-09-20,19,7,125,2023-10-04
371,2023-09-15,8,40,21,2023-10-04
372,2023-12-04,17,20,127,2023-12-14
373,2023-11-26,1,4,132,2023-12-21
374,2023-07-25,14,44,37,2023-08-06
375,2023-09-09,15,5,30,2023-09-17
376,2023-06-14,20,10,26,2023-06-22
377,2023-03-06,9,40,172,2023-03-13
378,2023-10-27,18,46,93,2023-11-22
379,2023-07-15,20,34,85,2023-07-23
380,2023-08-21,17,39,120,2023-08-31
381,2023-02-20,4,42,176,2023-03-11
382,2023-10-10,7,28,125,2023-10-22
383,2023-04-27,14,22,126,2023-05-09
384,2023-07-24,14,47,34,2023-08-05
385,2023-06-10,14,21,180,2023-06-22
386,2023-05-11,12,10,185,2023-05-19
387,2023-08-31,3,6,31,2023-09-24
388,2023-02-17,14,7,200,2023-03-01
389,2023-07-10,5,36,25,2023-07-21
390,2023-10-28,18,36,94,2023-11-23
391,2023-12-10,4,27,100,2023-12-29
392,2023-12-07,14,47,23,2023-12-19
393,2023-05-28,20,20,100,2023-06-05
394,2023-02-23,19,33,64,2023-03-09
395,2023-03-21,16,15,37,2023-03-27
396,2023-06-29,18,24,39,2023-07-25
397,2023-05-23,19,15,119,2023-06-06
398,2023-10-15,20,40,182,2023-10-23
399,2023-11-26,18,2,165,2023-12-22
400,2023-12-03,9,2,56,2023-12-10
401,2023-05-20,10,22,99,2023-06-07
402,2023-01-04,6,10,154,2023-01-20
403,2023-12-03,13,5,46,2023-12-25
404,2023-11-21,1,6,145,2023-12-16
405,2023-04-21,13,27,126,2023-05-13
406,2023-06-24,6,24,89,2023-07-10
407,2023-06-16,19,39,31,2023-06-30
408,2023-01-27,5,11,168,2023-02-07
409,2023-01-26,3,18,123,2023-02-19
410,2023-12-05,14,32,165,2023-12-17
411,2023-08-15,14,18,65,2023-08-27
412,2023-09-20,4,23,120,2023-10-09
413,2023-02-26,10,44,183,2023-03-16
414,2023-10-31,16,34,180,2023-11-06
415,2023-06-07,2,15,111,2023-06-13
416,2023-11-03,2,1,62,2023-11-09
417,2023-06-04,7,50,45,2023-06-16
418,2023-05-11,10,21,40,2023-05-29
419,2023-01-04,16,48,120,2023-01-10
420,2023-03-31,5,25,146,2023-04-11
421,2023-12-27,8,33,153,2024-01-15
422,2023-12-09,12,5,111,2023-12-17
423,2023-01-22,14,2,127,2023-02-03
424,2023-02-09,11,37,119,2023-03-02
425,2023-10-21,13,46,173,2023-11-12
426,2023-08-02,10,8,113,2023-08-20
427,2023-01-11,11,11,168,2023-02-01
428,2023-08-24,12,6,121,2023-09-01
429,2023-02-24,8,28,160,2023-03-15
430,2023-07-25,17,6,111,2023-08-04
431,2023-06-08,11,15,95,2023-06-29
432,2023-03-28,3,33,172,2023-04-21
433,2023-02-28,17,33,59,2023-03-10
434,2023-06-28,12,47,175,2023-07-06
435,2023-03-17,8,7,47,2023-04-05
436,2023-05-12,7,12,164,2023-05-24
437,2023-03-20,3,12,170,2023-04-13
438,2023-09-10,15,49,154,2023-09-18
439,2023-10-24,15,44,154,2023-11-01
440,2023-11-26,20,21,170,2023-12-04
441,2023-06-11,5,29,27,2023-06-22
442,2023-08-29,15,41,87,2023-09-06
443,2023-05-21,19,4,100,2023-06-04
444,2023-09-17,3,20,128,2023-10-11
445,2023-08-20,2,4,104,2023-08-26
446,2023-05-27,3,42,33,2023-06-20
447,2023-11-11,20,33,108,2023-11-19
448,2023-08-25,19,36,199,2023-09-08
449,2023-01-22,15,37,176,2023-01-30
450,2023-04-07,11,39,131,2023-04-28
451,2023-09-14,5,4,125,2023-09-25
452,2023-02-22,11,46,31,2023-03-15
453,2023-09-16,6,3,73,2023-10-02
454,2023-12-29,15,29,144,2024-01-06
455,2023-09-25,20,11,103,2023-10-03
456,2023-07-10,10,25,114,2023-07-28
457,2023-06-23,20,4,171,2023-07-01
458,2023-11-28,11,5,94,2023-12-19
459,2023-02-18,18,44,108,2023-03-16
460,2023-05-26,9,47,178,2023-06-02
461,2023-11-05,5,22,30,2023-11-16
462,2023-10-26,5,23,89,2023-11-06
463,2023-12-02,13,9,162,2023-12-24
464,2023-12-29,3,20,153,2024-01-22
465,2023-07-12,11,9,181,2023-08-02
466,2023-12-26,17,6,175,2024-01-05
467,2023-12-10,14,33,102,2023-12-22
468,2023-01-10,12,20,56,2023-01-18
469,2023-04-20,11,50,134,2023-05-11
470,2023-04-09,8,9,49,2023-04-28
471,2023-02-09,10,7,139,2023-02-27
472,2023-10-04,17,3,179,2023-10-14
473,2023-06-22,20,9,162,2023-06-30
474,2023-07-12,5,11,56,2023-07-23
475,2023-12-21,20,11,194,2023-12-29
476,2023-08-13,2,27,103,2023-08-19
477,2023-12-13,8,29,166,2024-01-01
478,2023-05-26,15,15,146,2023-06-03
479,2023-05-03,10,31,59,2023-05-21
480,2023-07-08,19,29,128,2023-07-22
481,2023-05-25,13,33,145,2023-06-16
482,2023-08-03,6,13,164,2023-08-19
483,2023-03-12,9,4,174,2023-03-19
484,2023-09-04,12,36,36,2023-09-12
485,2023-12-31,17,8,82,2024-01-10
486,2023-02-12,6,18,125,2023-02-28
487,2023-09-20,5,28,33,2023-10-01
488,2023-04-24,15,23,16,2023-05-02
489,2023-08-01,2,26,138,2023-08-07
490,2023-07-11,8,25,30,2023-07-30
491,2023-07-11,8,2,91,2023-07-30
492,2023-02-20,11,10,45,2023-03-13
493,2023-01-20,10,31,188,2023-02-07
494,2023-03-13,16,29,167,2023-03-19
495,2023-01-03,3,2,75,2023-01-27
496,2023-04-21,5,36,196,2023-05-02
497,2023-11-08,17,28,38,2023-11-18
498,2023-05-28,8,20,41,2023-06-16
499,2023-01-25,8,27,173,2023-02-13
500,2023-11-15,15,5,38,2023-11-23
501,2023-09-13,20,35,14,2023-09-21
502,2023-11-20,17,37,71,2023-11-30
503,2023-03-15,10,28,10,2023-04-02
504,2023-11-11,12,16,156,2023-11-19
505,2023-08-02,6,43,181,2023-08-18
506,2023-02-13,17,24,27,2023-02-23
507,2023-09-27,18,33,139,2023-10-23
508,2023-10-11,1,25,130,2023-11-05
509,2023-01-23,13,24,74,2023-02-14
510,2023-01-09,12,5,98,2023-01-17
511,2023-05-04,4,50,158,2023-05-23
512,2023-06-20,5,3,100,2023-07-01
513,2023-10-07,11,42,54,2023-10-28
514,2023-12-17,15,45,132,2023-12-25
515,2023-11-20,6,9,26,2023-12-06
516,2023-08-23,2,19,61,2023-08-29
517,2023-01-23,7,3,90,2023-02-04
518,2023-06-08,17,26,149,2023-06-18
519,2023-08-31,9,3,175,2023-09-07
520,2023-04-08,10,23,22,2023-04-26
521,2023-12-02,11,18,41,2023-12-23
522,2023-07-08,14,26,200,2023-07-20
523,2023-08-14,13,22,57,2023-09-05
524,2023-09-12,16,24,142,2023-09-18
525,2023-05-17,3,47,118,2023-06-10
526,2023-02-10,14,39,56,2023-02-22
527,2023-10-07,10,21,36,2023-10-25
528,2023-02-10,11,43,85,2023-03-03
529,2023-06-06,15,39,193,2023-06-14
530,2023-08-07,6,45,123,2023-08-23
531,2023-06-29,15,3,196,2023-07-07
532,2023-06-30,20,28,80,2023-07-08
533,2023-11-24,2,5,181,2023-11-30
534,2023-11-23,13,24,141,2023-12-15
535,2023-12-14,6,2,46,2023-12-30
536,2023-11-08,15,3,42,2023-11-16
537,2023-02-04,8,50,175,2023-02-23
538,2023-07-07,12,25,155,2023-07-15
539,2023-01-17,20,10,183,2023-01-25
540,2023-08-19,12,24,123,2023-08-27
541,2023-02-09,19,9,145,2023-02-23
542,2023-07-07,13,21,176,2023-07-29
543,2023-05-23,8,8,16,2023-06-11
544,2023-04-06,16,34,109,2023-04-12
545,2023-10-15,4,17,76,2023-11-03
546,2023-12-27,15,14,166,2024-01-04
547,2023-05-27,16,13,41,2023-06-02
548,2023-03-11,3,29,54,2023-04-04
549,2024-01-01,15,6,184,2024-01-09
550,2023-06-13,12,46,26,2023-06-21
551,2023-10-09,18,19,86,2023-11-04
552,2023-03-22,6,24,140,2023-04-07
553,2023-04-25,4,13,45,2023-05-14
554,2023-05-02,16,2,102,2023-05-08
555,2023-10-11,19,24,129,2023-10-25
556,2023-10-10,5,40,32,2023-10-21
557,2023-02-03,10,26,193,2023-02-21
558,2023-09-03,17,27,114,2023-09-13
559,2023-10-22,3,9,91,2023-11-15
560,2023-11-25,3,29,129,2023-12-19
561,2023-12-15,17,23,42,2023-12-25
562,2023-10-10,19,12,43,2023-10-24
563,2023-08-10,17,4,41,2023-08-20
564,2023-09-23,5,20,52,2023-10-04
565,2023-03-24,11,46,67,2023-04-14
566,2023-06-27,17,19,30,2023-07-07
567,2023-05-09,7,41,151,2023-05-21
568,2023-05-21,5,41,87,2023-06-01
569,2023-11-11,18,6,138,2023-12-07
570,2023-11-25,6,38,158,2023-12-11
571,2023-03-20,6,43,169,2023-04-05
572,2023-11-06,11,37,20,2023-11-27
573,2023-01-15,3,3,174,2023-02-08
574,2023-10-23,9,42,63,2023-10-30
575,2023-10-20,14,40,173,2023-11-01
576,2023-01-16,16,41,149,2023-01-22
577,2023-05-29,10,31,72,2023-06-16
578,2023-12-17,13,20,126,2024-01-08
579,2023-02-07,2,11,122,2023-02-13
580,2023-08-01,16,30,62,2023-08-07
581,2023-06-24,20,10,90,2023-07-02
582,2023-06-13,12,26,43,2023-06-21
583,2023-07-09,17,36,37,2023-07-19
584,2023-06-13,8,30,41,2023-07-02
585,2023-05-17,15,16,46,2023-05-25
586,2023-02-19,2,19,108,2023-02-25
587,2023-11-12,14,16,50,2023-11-24
588,2023-06-17,19,47,90,2023-07-01
589,2023-04-08,6,32,141,2023-04-24
590,2023-08-28,16,20,137,2023-09-03
591,2023-01-12,3,26,139,2023-02-05
592,2023-08-23,8,14,159,2023-09-11
593,2023-06-30,2,4,82,2023-07-06
594,2023-09-11,20,42,182,2023-09-19
595,2023-08-29,10,35,12,2023-09-16
596,2023-02-25,14,9,77,2023-03-09
597,2023-07-07,13,24,21,2023-07-29
598,2023-07-25,2,37,153,2023-07-31
599,2023-04-10,12,36,83,2023-04-18
600,2023-02-07,13,33,125,2023-03-01
601,2023-10-09,9,40,184,2023-10-16
602,2023-11-09,4,9,34,2023-11-28
603,2023-07-21,12,22,152,2023-07-29
604,2023-07-07,5,13,164,2023-07-18
605,2023-09-18,13,33,20,2023-10-10
606,2023-01-24,2,9,192,2023-01-30
607,2023-06-20,16,34,126,2023-06-26
608,2023-03-18,20,33,45,2023-03-26
609,2023-06-17,20,21,51,2023-06-25
610,2023-07-21,20,48,86,2023-07-29
611,2023-10-31,11,33,140,2023-11-21
612,2023-09-30,16,46,154,2023-10-06
613,2023-06-03,16,2,104,2023-06-09
614,2023-06-19,4,27,159,2023-07-08
615,2023-06-07,1,39,131,2023-07-02
616,2023-05-16,19,37,68,2023-05-30
617,2023-01-27,19,31,53,2023-02-10
618,2023-09-26,20,50,107,2023-10-04
619,2023-03-17,8,3,156,2023-04-05
620,2023-12-25,4,13,14,2024-01-13
621,2023-08-14,11,27,48,2023-09-04
622,2023-07-31,7,27,138,2023-08-12
623,2023-11-10,16,48,196,2023-11-16
624,2023-02-01,5,34,63,2023-02-12
625,2023-10-15,11,43,132,2023-11-05
626,2023-09-27,13,21,54,2023-10-19
627,2023-08-24,18,22,149,2023-09-19
628,2023-07-01,9,40,133,2023-07-08
629,2023-04-09,8,18,152,2023-04-28
630,2023-06-02,8,20,83,2023-06-21
631,2023-12-27,7,45,190,2024-01-08
632,2023-09-08,11,31,99,2023-09-29
633,2023-10-14,9,19,41,2023-10-21
634,2023-10-21,18,25,111,2023-11-16
635,2023-06-26,5,19,20,2023-07-07
636,2023-05-28,3,23,123,2023-06-21
637,2023-12-02,9,48,132,2023-12-09
638,2023-04-20,7,35,79,2023-05-02
639,2023-10-15,9,9,37,2023-10-22
640,2023-11-12,19,16,72,2023-11-26
641,2023-01-26,17,15,173,2023-02-05
642,2023-04-30,2,7,115,2023-05-06
643,2023-06-19,16,7,184,2023-06-25
644,2023-03-12,1,36,50,2023-04-06
645,2023-07-28,16,31,176,2023-08-03
646,2023-04-13,10,21,83,2023-05-01
647,2023-11-27,2,50,32,2023-12-03
648,2023-11-30,19,15,146,2023-12-14
649,2023-01-20,6,27,55,2023-02-05
650,2023-01-19,13,32,57,2023-02-10
651,2023-05-29,2,1,86,2023-06-04
652,2023-10-18,20,7,95,2023-10-26
653,2023-05-26,15,42,149,2023-06-03
654,2023-09-26,16,9,139,2023-10-02
655,2023-08-28,9,13,38,2023-09-04
656,2023-06-19,6,47,127,2023-07-05
657,2023-11-28,9,46,57,2023-12-05
658,2023-01-08,11,19,155,2023-01-29
659,2023-12-12,7,12,166,2023-12-24
660,2023-11-24,13,28,141,2023-12-16
661,2023-06-17,3,26,181,2023-07-11
662,2023-02-18,6,9,132,2023-03-06
663,2023-06-15,8,1,76,2023-07-04
664,2023-07-16,8,29,78,2023-08-04
665,2023-06-18,10,38,195,2023-07-06
666,2023-10-21,1,17,177,2023-11-15
667,2023-07-04,8,4,180,2023-07-23
668,2023-03-02,15,20,50,2023-03-10
669,2023-07-27,17,46,89,2023-08-06
670,2023-12-20,4,41,85,2024-01-08
671,2023-07-08,20,15,66,2023-07-16
672,2023-03-10,16,10,126,2023-03-16
673,2023-11-07,12,27,189,2023-11-15
674,2023-10-09,16,49,147,2023-10-15
675,2023-12-07,7,49,73,2023-12-19
676,2023-12-15,20,6,144,2023-12-23
677,2023-08-17,17,46,102,2023-08-27
678,2023-02-09,19,8,25,2023-02-23
679,2023-10-08,17,13,156,2023-10-18
680,2023-10-02,5,11,93,2023-10-13
681,2023-09-24,15,8,184,2023-10-02
682,2023-04-16,19,32,33,2023-04-30
683,2023-09-19,15,4,126,2023-09-27
684,2023-03-09,17,27,126,2023-03-19
685,2023-10-16,2,36,128,2023-10-22
686,2023-12-11,10,47,15,2023-12-29
687,2023-07-22,9,1,200,2023-07-29
688,2023-04-22,19,5,21,2023-05-06
689,2023-08-05,12,45,26,2023-08-13
690,2023-10-05,2,5,130,2023-10-11
691,2023-01-17,10,27,56,2023-02-04
692,2023-03-11,14,24,107,2023-03-23
693,2023-08-18,13,25,30,2023-09-09
694,2023-12-16,18,9,177,2024-01-11
695,2023-06-28,4,12,147,2023-07-17
696,2023-07-21,17,9,196,2023-07-31
697,2023-04-25,1,49,15,2023-05-20
698,2023-06-02,15,44,194,2023-06-10
699,2023-10-06,14,35,107,2023-10-18
700,2023-04-28,8,30,98,2023-05-17
701,2023-03-21,9,13,195,2023-03-28
702,2023-02-27,2,43,117,2023-03-05
703,2023-11-11,1,16,62,2023-12-06
704,2023-02-04,4,39,18,2023-02-23
705,2023-08-17,20,44,190,2023-08-25
706,2023-01-25,8,48,21,2023-02-13
707,2023-07-25,15,15,148,2023-08-02
708,2023-04-22,2,9,138,2023-04-28
709,2023-05-29,8,47,157,2023-06-17
710,2023-06-13,19,39,182,2023-06-27
711,2023-06-14,8,20,46,2023-07-03
712,2023-12-05,17,15,115,2023-12-15
713,2023-06-03,9,4,152,2023-06-10
714,2023-10-30,6,41,183,2023-11-15
715,2023-08-07,18,32,22,2023-09-02
716,2023-06-26,13,34,91,2023-07-18
717,2023-12-23,14,27,48,2024-01-04
718,2023-06-03,13,12,147,2023-06-25
719,2023-08-31,8,15,86,2023-09-19
720,2023-12-29,5,30,24,2024-01-09
721,2023-10-15,14,27,152,2023-10-27
722,2023-09-29,5,25,72,2023-10-10
723,2023-05-11,7,22,175,2023-05-23
724,2023-02-10,15,24,33,2023-02-18
725,2023-10-02,7,4,78,2023-10-14
726,2023-07-13,20,39,20,2023-07-21
727,2023-02-07,7,49,160,2023-02-19
728,2023-12-10,18,14,132,2024-01-05
729,2023-04-17,11,20,13,2023-05-08
730,2023-04-19,7,48,40,2023-05-01
731,2023-09-03,8,45,164,2023-09-22
732,2023-12-27,7,26,71,2024-01-08
733,2023-10-10,11,50,82,2023-10-31
734,2023-07-14,15,35,176,2023-07-22
735,2023-07-03,10,17,102,2023-07-21
736,2023-09-20,16,30,35,2023-09-26
737,2023-08-29,11,14,104,2023-09-19
738,2023-06-10,14,3,154,2023-06-22
739,2023-04-24,5,2,76,2023-05-05
740,2023-10-11,19,38,194,2023-10-25
741,2023-08-02,10,10,60,2023-08-20
742,2023-06-18,8,25,155,2023-07-07
743,2023-05-06,16,36,177,2023-05-12
744,2023-12-17,11,17,135,2024-01-07
745,2023-11-25,16,30,53,2023-12-01
746,2023-06-30,6,9,194,2023-07-16
747,2023-10-07,16,12,148,2023-10-13
748,2023-11-25,2,34,18,2023-12-01
749,2023-02-08,2,49,11,2023-02-14
750,2023-07-31,5,41,69,2023-08-11
751,2023-02-04,5,1,65,2023-02-15
752,2023-09-16,15,24,25,2023-09-24
753,2023-11-13,20,31,178,2023-11-21
754,2023-09-07,1,1,146,2023-10-02
755,2023-10-10,14,1,14,2023-10-22
756,2023-09-29,9,35,83,2023-10-06
757,2023-01-09,17,45,182,2023-01-19
758,2023-08-09,6,7,34,2023-08-25
759,2023-09-26,5,16,59,2023-10-07
760,2023-11-14,17,17,100,2023-11-24
761,2023-05-17,13,6,105,2023-06-08
762,2023-07-27,15,37,72,2023-08-04
763,2023-12-23,8,20,185,2024-01-11
764,2023-02-11,2,6,113,2023-02-17
765,2023-07-14,13,36,131,2023-08-05
766,2023-01-29,1,45,53,2023-02-23
767,2023-02-12,16,28,175,2023-02-18
768,2023-06-19,19,7,145,2023-07-03
769,2023-01-22,8,14,187,2023-02-10
770,2023-10-18,16,18,21,2023-10-24
771,2023-02-08,9,35,154,2023-02-15
772,2023-12-03,2,12,90,2023-12-09
773,2023-01-09,7,38,46,2023-01-21
774,2023-12-31,13,5,86,2024-01-22
775,2023-03-25,19,16,155,2023-04-08
776,2023-07-19,18,22,108,2023-08-14
777,2023-03-13,3,33,200,2023-04-06
778,2023-06-27,2,7,121,2023-07-03
779,2023-04-29,3,22,164,2023-05-23
780,2023-11-11,20,26,93,2023-11-19
781,2023-01-16,9,29,135,2023-01-23
782,2023-04-27,12,36,106,2023-05-05
783,2023-08-10,6,44,159,2023-08-26
784,2023-12-05,13,6,168,2023-12-27
785,2023-06-01,8,46,28,2023-06-20
786,2023-02-12,9,10,107,2023-02-19
787,2023-12-31,5,48,109,2024-01-11
788,2023-06-12,12,7,33,2023-06-20
789,2023-01-03,10,29,102,2023-01-21
790,2023-05-19,4,9,32,2023-06-07
791,2023-04-06,14,29,152,2023-04-18
792,2023-10-12,17,27,36,2023-10-22
793,2023-01-14,3,23,151,2023-02-07
794,2023-02-17,20,39,93,2023-02-25
795,2023-07-17,1,19,115,2023-08-11
796,2023-07-18,3,47,153,2023-08-11
797,2023-05-05,19,34,53,2023-05-19
798,2023-12-17,13,11,45,2024-01-08
799,2023-05-18,10,18,136,2023-06-05
800,2023-03-16,3,11,121,2023-04-09
801,2023-05-22,14,20,133,2023-06-03
802,2023-02-09,12,17,73,2023-02-17
803,2023-11-17,16,39,167,2023-11-23
804,2023-04-11,15,7,44,2023-04-19
805,2023-06-05,1,26,95,2023-06-30
806,2023-11-14,13,22,122,2023-12-06
807,2023-06-21,14,42,162,2023-07-03
808,2023-03-11,10,21,164,2023-03-29
809,2023-12-22,7,31,90,2024-01-03
810,2023-04-01,13,21,84,2023-04-23
811,2023-12-22,16,37,72,2023-12-28
812,2023-06-16,13,18,110,2023-07-08
813,2023-07-06,4,37,61,2023-07-25
814,2023-10-31,18,12,184,2023-11-26
815,2023-10-09,1,47,128,2023-11-03
816,2023-12-29,7,29,84,2024-01-10
817,2023-12-21,3,27,182,2024-01-14
818,2023-09-13,5,41,87,2023-09-24
819,2023-05-04,9,43,49,2023-05-11
820,2023-08-05,13,5,124,2023-08-27
821,2023-11-03,16,38,112,2023-11-09
822,2023-10-01,17,45,117,2023-10-11
823,2023-10-06,2,24,189,2023-10-12
824,2023-10-02,20,41,31,2023-10-10
825,2023-02-25,8,43,180,2023-03-16
826,2023-07-01,6,42,166,2023-07-17
827,2023-01-23,19,42,183,2023-02-06
828,2023-11-28,13,49,94,2023-12-20
829,2023-08-09,4,1,35,2023-08-28
830,2023-05-13,8,33,142,2023-06-01
831,2023-10-13,19,45,157,2023-10-27
832,2023-04-24,15,24,110,2023-05-02
833,2023-08-26,19,45,138,2023-09-09
834,2023-03-19,12,2,133,2023-03-27
835,2023-02-23,10,27,31,2023-03-13
836,2023-03-01,5,23,89,2023-03-12
837,2023-06-25,15,14,143,2023-07-03
838,2023-09-05,12,31,34,2023-09-13
839,2023-08-13,15,21,27,2023-08-21
840,2023-06-03,2,46,39,2023-06-09
841,2023-01-12,11,42,37,2023-02-02
842,2023-12-13,6,48,72,2023-12-29
843,2023-09-22,6,36,50,2023-10-08
844,2023-06-19,18,28,128,2023-07-15
845,2023-04-29,13,41,57,2023-05-21
846,2023-04-06,14,26,17,2023-04-18
847,2023-11-11,7,29,161,2023-11-23
848,2023-08-08,13,1,190,2023-08-30
849,2023-04-20,7,18,190,2023-05-02
850,2023-02-02,19,7,147,2023-02-16
851,2023-04-06,12,21,60,2023-04-14
852,2023-08-23,4,17,181,2023-09-11
853,2023-09-08,17,41,90,2023-09-18
854,2023-11-02,13,40,110,2023-11-24
855,2023-10-28,4,23,100,2023-11-16
856,2023-08-23,20,12,182,2023-08-31
857,2023-12-28,10,40,161,2024-01-15
858,2023-02-13,5,21,40,2023-02-24
859,2023-05-03,10,8,56,2023-05-21
860,2023-07-11,5,33,109,2023-07-22
861,2023-08-03,20,9,157,2023-08-11
862,2023-07-16,14,12,134,2023-07-28
863,2023-11-22,18,45,175,2023-12-18
864,2023-03-30,18,11,135,2023-04-25
865,2023-05-28,5,12,90,2023-06-08
866,2023-08-19,20,4,101,2023-08-27
867,2023-01-05,16,9,59,2023-01-11
868,2023-07-16,18,33,177,2023-08-11
869,2023-09-11,14,44,135,2023-09-23
870,2023-08-01,15,32,52,2023-08-09
871,2023-02-12,19,2,66,2023-02-26
872,2023-05-30,2,18,67,2023-06-05
873,2023-10-03,10,11,127,2023-10-21
874,2023-10-17,16,36,140,2023-10-23
875,2023-02-27,19,8,78,2023-03-13
876,2023-10-06,12,35,20,2023-10-14
877,2023-08-14,18,14,118,2023-09-09
878,2023-02-22,8,20,18,2023-03-13
879,2023-08-19,9,23,32,2023-08-26
880,2023-08-13,4,50,70,2023-09-01
881,2023-04-18,19,45,99,2023-05-02
882,2023-12-30,20,41,119,2024-01-07
883,2023-03-26,20,9,62,2023-04-03
884,2023-04-16,2,37,99,2023-04-22
885,2023-09-30,9,39,147,2023-10-07
886,2023-03-28,11,46,84,2023-04-18
887,2023-05-29,19,18,141,2023-06-12
888,2023-12-14,4,9,115,2024-01-02
889,2023-01-31,9,42,42,2023-02-07
890,2023-12-26,5,16,47,2024-01-06
891,2023-12-31,11,16,183,2024-01-21
892,2023-07-21,16,10,157,2023-07-27
893,2023-11-20,9,41,116,2023-11-27
894,2023-07-12,15,5,172,2023-07-20
895,2023-02-17,13,33,81,2023-03-11
896,2023-12-22,12,30,134,2023-12-30
897,2023-06-17,19,1,197,2023-07-01
898,2023-02-17,15,41,180,2023-02-25
899,2023-12-24,12,5,146,2024-01-01
900,2023-07-23,7,28,64,2023-08-04
901,2023-09-11,9,21,82,2023-09-18
902,2023-06-22,18,37,43,2023-07-18
903,2023-10-17,16,22,184,2023-10-23
904,2023-01-25,2,7,170,2023-01-31
905,2023-08-24,1,8,50,2023-09-18
906,2023-08-14,15,1,119,2023-08-22
907,2023-04-14,5,42,87,2023-04-25
908,2023-03-23,9,6,177,2023-03-30
909,2023-07-04,9,6,105,2023-07-11
910,2023-12-07,6,4,111,2023-12-23
911,2023-11-17,10,47,189,2023-12-05
912,2023-04-30,14,42,33,2023-05-12
913,2023-12-27,4,1,64,2024-01-15
914,2023-09-02,3,9,161,2023-09-26
915,2023-04-26,17,44,123,2023-05-06
916,2023-01-05,1,45,97,2023-01-30
917,2023-03-03,14,45,43,2023-03-15
918,2023-09-02,3,15,108,2023-09-26
919,2023-02-15,4,7,90,2023-03-06
920,2023-07-08,10,9,107,2023-07-26
921,2023-03-10,5,5,145,2023-03-21
922,2023-10-16,1,40,176,2023-11-10
923,2023-03-26,15,23,194,2023-04-03
924,2023-04-20,5,27,167,2023-05-01
925,2023-12-18,15,14,32,2023-12-26
926,2023-02-21,5,49,41,2023-03-04
927,2023-10-29,13,23,119,2023-11-20
928,2023-06-11,5,16,80,2023-06-22
929,2023-11-27,3,16,151,2023-12-21
930,2023-11-04,20,47,165,2023-11-12
931,2023-05-26,1,43,87,2023-06-20
932,2023-04-16,17,39,140,2023-04-26
933,2023-04-07,13,19,175,2023-04-29
934,2023-01-28,8,32,108,2023-02-16
935,2023-02-27,8,32,173,2023-03-18
936,2023-11-01,3,34,13,2023-11-25
937,2023-07-04,11,9,109,2023-07-25
938,2023-10-19,14,24,149,2023-10-31
939,2023-12-16,6,49,130,2024-01-01
940,2023-02-07,1,38,27,2023-03-04
941,2023-01-08,9,14,20,2023-01-15
942,2023-01-31,13,33,83,2023-02-22
943,2023-11-18,17,50,116,2023-11-28
944,2023-08-05,13,6,173,2023-08-27
945,2023-10-02,18,40,49,2023-10-28
946,2023-05-23,3,20,30,2023-06-16
947,2023-09-19,7,10,147,2023-10-01
948,2023-06-17,13,38,172,2023-07-09
949,2023-11-29,3,20,188,2023-12-23
950,2023-08-12,8,4,72,2023-08-31
951,2023-02-14,14,8,126,2023-02-26
952,2023-11-10,20,4,89,2023-11-18
953,2023-12-08,6,8,13,2023-12-24
954,2023-12-29,5,45,12,2024-01-09
955,2023-03-25,16,23,143,2023-03-31
956,2023-09-22,9,11,105,2023-09-29
957,2023-03-06,9,47,40,2023-03-13
958,2023-01-16,11,28,79,2023-02-06
959,2023-09-26,3,17,192,2023-10-20
960,2023-10-23,3,32,126,2023-11-16
961,2023-09-19,12,4,137,2023-09-27
962,2023-10-18,6,24,50,2023-11-03
963,2023-05-11,4,37,182,2023-05-30
964,2023-03-01,8,48,140,2023-03-20
965,2023-01-02,2,1,72,2023-01-08
966,2023-01-24,16,24,108,2023-01-30
967,2023-03-18,6,3,151,2023-04-03
968,2024-01-01,14,15,92,2024-01-13
969,2023-05-08,14,47,91,2023-05-20
970,2023-05-19,3,37,105,2023-06-12
971,2023-03-03,17,44,23,2023-03-13
972,2023-04-02,8,34,21,2023-04-21
973,2023-07-25,3,30,82,2023-08-18
974,2023-06-09,11,6,151,2023-06-30
975,2023-08-22,1,24,61,2023-09-16
976,2023-05-30,19,20,199,2023-06-13
977,2023-11-15,8,30,104,2023-12-04
978,2023-10-30,16,50,60,2023-11-05
979,2023-10-07,8,10,11,2023-10-26
980,2023-07-29,1,15,148,2023-08-23
981,2023-06-27,1,22,10,2023-07-22
982,2023-12-03,13,48,196,2023-12-25
983,2023-06-07,4,14,145,2023-06-26
984,2023-05-02,14,32,25,2023-05-14
985,2023-03-14,9,6,21,2023-03-21
986,2023-04-29,17,27,189,2023-05-09
987,2023-07-10,15,48,31,2023-07-18
988,2023-10-25,4,33,44,2023-11-13
989,2023-11-23,13,5,161,2023-12-15
990,2023-10-18,2,28,179,2023-10-24
991,2023-03-08,8,19,76,2023-03-27
992,2023-06-11,13,45,198,2023-07-03
993,2023-06-17,11,29,79,2023-07-08
994,2023-04-30,3,13,44,2023-05-24
995,2023-10-27,4,10,37,2023-11-15
996,2023-03-26,15,30,90,2023-04-03
997,2023-07-28,4,35,101,2023-08-16
998,2023-04-17,15,20,128,2023-04-25
999,2023-05-16,4,6,50,2023-06-04
1000,2023-12-18,10,46,188,2024-01-05
