shipment_id,order_id,actual_delivery_date,shipping_cost,delay_days,status
1,1,2023-12-16,289.11,3,Delayed
2,2,2023-06-09,376.74,0,On-time
3,3,2023-03-19,195.33,-1,Early
4,4,2023-08-09,245.08,-2,Early
5,5,2023-05-18,61.41,7,Delayed
6,6,2023-02-11,242.74,2,On-time
7,7,2024-01-03,127.98,9,Delayed
8,8,2023-08-30,157.9,-2,Early
9,9,2023-04-09,347.09,5,Delayed
10,10,2023-04-04,282.51,2,On-time
11,11,2023-03-20,238.82,2,On-time
12,12,2023-07-20,121.39,9,Delayed
13,13,2023-02-03,102.23,3,Delayed
14,14,2023-08-08,190.14,2,On-time
15,15,2023-11-27,57.72,1,On-time
16,16,2023-05-10,263.06,7,Delayed
17,17,2023-05-13,342.4,-2,Early
18,18,2023-03-22,335.79,7,Delayed
19,19,2023-11-29,56.89,-1,Early
20,20,2023-07-13,435.42,0,On-time
21,21,2024-01-21,327.13,2,On-time
22,22,2023-05-03,440.24,9,Delayed
23,23,2023-04-12,354.73,10,Delayed
24,24,2023-12-20,256.21,0,On-time
25,25,2023-06-24,331.67,2,On-time
26,26,2023-07-06,457.41,3,Delayed
27,27,2023-05-12,146.57,9,Delayed
28,28,2023-04-24,328.21,-1,Early
29,29,2023-09-07,193.54,4,Delayed
30,30,2023-06-09,203.28,7,Delayed
31,31,2023-11-08,103.17,0,On-time
32,32,2023-07-26,471.49,2,On-time
33,33,2023-10-11,411.57,7,Delayed
34,34,2023-03-15,240.56,6,Delayed
35,35,2024-01-03,495.73,7,Delayed
36,36,2023-08-09,399.39,1,On-time
37,37,2023-10-12,302.84,7,Delayed
38,38,2024-01-12,387.89,9,Delayed
39,39,2023-06-13,219.98,6,Delayed
40,40,2023-08-25,421.91,-2,Early
41,41,2023-05-28,94.99,3,Delayed
42,42,2023-10-07,457.42,1,On-time
43,43,2023-12-13,480.56,9,Delayed
44,44,2023-03-29,334.33,1,On-time
45,45,2023-10-16,321.1,2,On-time
46,46,2023-06-22,388.57,1,On-time
47,47,2023-07-29,101.06,6,Delayed
48,48,2023-05-20,75.9,2,On-time
49,49,2023-10-07,449.47,7,Delayed
50,50,2023-03-27,485.89,10,Delayed
51,51,2023-11-02,328.2,8,Delayed
52,52,2023-11-22,365.44,3,Delayed
53,53,2024-01-08,451.35,7,Delayed
54,54,2023-07-31,88.18,-1,Early
55,55,2023-09-08,438.41,0,On-time
56,56,2023-02-28,476.26,5,Delayed
57,57,2023-11-05,207.6,6,Delayed
58,58,2023-02-06,399.72,9,Delayed
59,59,2023-02-24,161.93,5,Delayed
60,60,2023-07-13,271.68,0,On-time
61,61,2023-05-28,75.34,-1,Early
62,62,2023-04-03,420.26,11,Delayed
63,63,2023-05-17,312.52,6,Delayed
64,64,2023-03-15,178.57,6,Delayed
65,65,2023-07-18,246.35,5,Delayed
66,66,2023-02-23,486.45,7,Delayed
67,67,2023-07-14,466.09,2,On-time
68,68,2023-05-13,299.23,9,Delayed
69,69,2023-08-22,124.8,1,On-time
70,70,2023-05-30,254.54,-2,Early
71,71,2023-02-28,222.89,2,On-time
72,72,2023-02-05,176.43,4,Delayed
73,73,2023-04-13,98.04,5,Delayed
74,74,2023-05-14,134.65,2,On-time
75,75,2023-08-15,153.23,7,Delayed
76,76,2023-09-17,488.48,9,Delayed
77,77,2023-10-26,291.24,8,Delayed
78,78,2023-06-11,321.25,-2,Early
79,79,2023-10-13,477.41,2,On-time
80,80,2023-02-07,238.21,2,On-time
81,81,2023-10-02,298.21,7,Delayed
82,82,2023-10-14,219.41,2,On-time
83,83,2023-11-23,493.38,-2,Early
84,84,2023-08-22,221.4,8,Delayed
85,85,2023-11-06,306.09,5,Delayed
86,86,2023-02-21,236.67,-2,Early
87,87,2023-10-25,83.91,-2,Early
88,88,2023-05-17,499.87,11,Delayed
89,89,2023-08-10,313.32,8,Delayed
90,90,2023-06-18,432.34,7,Delayed
91,91,2023-01-11,142.27,-2,Early
92,92,2023-03-20,322.78,3,Delayed
93,93,2023-09-22,328.16,-2,Early
94,94,2023-03-05,59.98,9,Delayed
95,95,2023-04-06,397.54,7,Delayed
96,96,2023-06-20,417.37,8,Delayed
97,97,2023-02-09,444.49,9,Delayed
98,98,2023-03-12,266.02,6,Delayed
99,99,2023-03-28,329.14,6,Delayed
100,100,2023-06-03,456.42,1,On-time
101,101,2023-07-21,323.64,14,Delayed
102,102,2023-05-25,246.86,-1,Early
103,103,2023-02-19,281.3,-1,Early
104,104,2023-06-07,184.08,10,Delayed
105,105,2023-03-24,477.28,9,Delayed
106,106,2023-09-11,428.94,1,On-time
107,107,2023-11-07,256.61,-2,Early
108,108,2023-12-30,206.34,-1,Early
109,109,2023-07-31,203.7,8,Delayed
110,110,2023-08-26,313.14,6,Delayed
111,111,2023-07-20,338.39,8,Delayed
112,112,2024-01-09,235.25,5,Delayed
113,113,2023-07-27,487.9,0,On-time
114,114,2023-04-16,419.81,7,Delayed
115,115,2023-08-24,129.65,-1,Early
116,116,2023-07-04,290.49,2,On-time
117,117,2023-05-24,213.92,9,Delayed
118,118,2023-03-26,67.69,7,Delayed
119,119,2023-05-12,359.5,6,Delayed
120,120,2023-07-02,464.39,7,Delayed
121,121,2023-12-14,412.79,-2,Early
122,122,2023-06-14,493.82,-2,Early
123,123,2023-07-14,328.21,5,Delayed
124,124,2023-10-27,374.23,4,Delayed
125,125,2023-06-06,163.6,7,Delayed
126,126,2023-02-12,430.0,4,Delayed
127,127,2023-07-25,98.23,8,Delayed
128,128,2023-10-15,228.72,7,Delayed
129,129,2023-04-23,132.03,8,Delayed
130,130,2023-09-10,145.15,4,Delayed
131,131,2024-01-06,154.95,7,Delayed
132,132,2023-02-27,209.8,1,On-time
133,133,2023-12-31,89.11,6,Delayed
134,134,2023-10-08,385.45,3,Delayed
135,135,2023-07-07,220.45,-2,Early
136,136,2023-10-24,340.66,2,On-time
137,137,2023-12-28,274.21,-1,Early
138,138,2023-11-29,156.75,3,Delayed
139,139,2023-11-05,214.41,3,Delayed
140,140,2023-05-03,89.55,3,Delayed
141,141,2023-12-30,86.11,7,Delayed
142,142,2023-08-27,363.63,0,On-time
143,143,2023-04-26,229.04,5,Delayed
144,144,2023-12-28,52.39,14,Delayed
145,145,2023-05-22,126.9,3,Delayed
146,146,2023-04-13,373.31,2,On-time
147,147,2023-09-17,175.99,8,Delayed
148,148,2023-09-12,485.6,9,Delayed
149,149,2023-05-03,278.42,1,On-time
150,150,2023-05-14,368.25,-2,Early
151,151,2023-01-25,119.46,3,Delayed
152,152,2023-05-10,317.25,1,On-time
153,153,2023-09-04,110.49,3,Delayed
154,154,2023-03-16,140.78,4,Delayed
155,155,2023-12-25,164.59,7,Delayed
156,156,2023-06-22,102.51,2,On-time
157,157,2023-10-03,407.43,5,Delayed
158,158,2023-03-29,385.69,0,On-time
159,159,2023-05-13,378.89,-1,Early
160,160,2023-10-01,220.65,6,Delayed
161,161,2023-02-27,308.51,0,On-time
162,162,2023-07-19,387.73,7,Delayed
163,163,2023-04-01,123.92,9,Delayed
164,164,2024-01-04,335.19,2,On-time
165,165,2023-02-15,314.74,1,On-time
166,166,2023-10-14,247.61,1,On-time
167,167,2023-04-28,292.9,0,On-time
168,168,2024-01-15,454.81,-2,Early
169,169,2023-07-24,79.98,4,Delayed
170,170,2023-06-29,102.6,5,Delayed
171,171,2023-10-18,378.75,3,Delayed
172,172,2023-05-07,407.31,7,Delayed
173,173,2023-02-04,452.25,-2,Early
174,174,2024-01-11,388.58,6,Delayed
175,175,2023-09-12,114.41,4,Delayed
176,176,2023-02-06,393.11,1,On-time
177,177,2024-01-10,96.31,10,Delayed
178,178,2023-08-20,321.78,1,On-time
179,179,2023-02-07,153.16,5,Delayed
180,180,2023-05-08,55.49,11,Delayed
181,181,2023-07-21,294.23,0,On-time
182,182,2023-06-11,422.06,8,Delayed
183,183,2023-10-17,152.31,7,Delayed
184,184,2023-12-27,476.28,4,Delayed
185,185,2023-03-01,112.6,14,Delayed
186,186,2023-01-18,58.15,-1,Early
187,187,2023-03-21,96.0,9,Delayed
188,188,2023-10-31,60.36,3,Delayed
189,189,2023-05-29,218.5,9,Delayed
190,190,2023-12-02,381.4,6,Delayed
191,191,2023-07-05,459.81,7,Delayed
192,192,2023-06-21,493.18,-2,Early
193,193,2023-08-05,464.38,1,On-time
194,194,2024-01-11,316.07,3,Delayed
195,195,2023-06-14,384.91,2,On-time
196,196,2023-02-08,52.08,9,Delayed
197,197,2023-12-19,236.53,6,Delayed
198,198,2023-12-31,205.86,12,Delayed
199,199,2023-09-26,463.3,-1,Early
200,200,2023-12-08,460.74,8,Delayed
201,201,2023-08-30,274.27,3,Delayed
202,202,2023-12-10,190.16,3,Delayed
203,203,2023-09-21,55.89,8,Delayed
204,204,2023-11-09,488.99,2,On-time
205,205,2023-02-27,236.58,6,Delayed
206,206,2023-09-18,133.01,9,Delayed
207,207,2023-08-08,80.18,4,Delayed
208,208,2023-07-06,409.9,4,Delayed
209,209,2023-07-06,262.43,-2,Early
210,210,2023-11-14,182.32,5,Delayed
211,211,2023-10-04,285.98,0,On-time
212,212,2023-08-12,273.66,9,Delayed
213,213,2023-12-26,131.87,0,On-time
214,214,2023-09-26,217.99,9,Delayed
215,215,2023-06-28,286.96,9,Delayed
216,216,2023-05-21,120.27,-2,Early
217,217,2023-07-15,233.59,1,On-time
218,218,2023-07-14,153.98,6,Delayed
219,219,2023-07-05,317.77,8,Delayed
220,220,2023-06-14,130.35,8,Delayed
221,221,2023-03-13,374.37,-2,Early
222,222,2023-10-18,375.02,0,On-time
223,223,2023-09-19,483.19,7,Delayed
224,224,2023-10-05,142.24,1,On-time
225,225,2023-05-04,55.85,6,Delayed
226,226,2023-04-26,431.66,6,Delayed
227,227,2023-10-12,239.64,0,On-time
228,228,2023-02-27,331.14,4,Delayed
229,229,2023-03-20,220.86,8,Delayed
230,230,2023-11-12,423.79,4,Delayed
231,231,2023-09-06,298.42,2,On-time
232,232,2023-05-17,148.78,1,On-time
233,233,2023-08-09,113.05,9,Delayed
234,234,2023-12-02,493.42,7,Delayed
235,235,2023-11-09,241.35,6,Delayed
236,236,2023-03-28,383.76,0,On-time
237,237,2023-11-14,166.05,-1,Early
238,238,2023-10-20,239.77,3,Delayed
239,239,2023-06-23,127.26,7,Delayed
240,240,2023-10-31,420.16,4,Delayed
241,241,2023-03-08,274.14,4,Delayed
242,242,2023-06-08,343.14,-1,Early
243,243,2023-05-04,97.96,9,Delayed
244,244,2023-01-17,455.01,3,Delayed
245,245,2023-11-12,162.83,5,Delayed
246,246,2023-05-23,307.98,6,Delayed
247,247,2024-01-01,222.41,-2,Early
248,248,2023-05-14,209.24,7,Delayed
249,249,2023-12-22,87.26,5,Delayed
250,250,2023-10-28,80.71,3,Delayed
251,251,2023-06-05,210.05,8,Delayed
252,252,2023-04-13,324.68,0,On-time
253,253,2023-06-08,348.65,3,Delayed
254,254,2024-01-09,267.69,3,Delayed
255,255,2023-06-06,168.02,7,Delayed
256,256,2023-09-08,430.88,2,On-time
257,257,2023-09-08,200.41,8,Delayed
258,258,2023-02-14,204.97,7,Delayed
259,259,2023-11-12,272.97,7,Delayed
260,260,2023-06-09,256.86,8,Delayed
261,261,2023-09-10,409.74,2,On-time
262,262,2023-06-22,52.36,14,Delayed
263,263,2023-12-07,91.21,9,Delayed
264,264,2023-07-23,405.51,13,Delayed
265,265,2024-01-04,133.31,6,Delayed
266,266,2023-08-12,337.53,7,Delayed
267,267,2023-08-18,361.52,-2,Early
268,268,2023-03-16,456.51,8,Delayed
269,269,2023-04-01,494.45,9,Delayed
270,270,2024-01-05,367.51,7,Delayed
271,271,2023-02-18,300.11,9,Delayed
272,272,2023-11-29,65.28,8,Delayed
273,273,2023-02-12,136.67,4,Delayed
274,274,2023-04-06,474.92,10,Delayed
275,275,2023-09-26,74.7,1,On-time
276,276,2023-11-27,423.01,0,On-time
277,277,2023-07-03,214.11,-2,Early
278,278,2023-08-30,84.63,9,Delayed
279,279,2023-09-15,248.46,2,On-time
280,280,2023-10-05,191.88,4,Delayed
281,281,2023-05-30,347.74,-2,Early
282,282,2023-05-12,242.07,-1,Early
283,283,2023-08-06,60.98,9,Delayed
284,284,2023-04-16,50.11,12,Delayed
285,285,2023-07-08,409.45,4,Delayed
286,286,2023-06-16,73.71,4,Delayed
287,287,2023-12-08,265.94,-2,Early
288,288,2023-10-15,172.26,6,Delayed
289,289,2023-11-13,238.0,8,Delayed
290,290,2023-06-30,379.52,4,Delayed
291,291,2023-11-09,209.58,-2,Early
292,292,2023-02-12,155.12,-1,Early
293,293,2024-01-25,459.65,6,Delayed
294,294,2023-12-17,226.23,6,Delayed
295,295,2023-03-17,477.48,1,On-time
296,296,2023-03-03,237.91,2,On-time
297,297,2023-09-23,320.36,7,Delayed
298,298,2023-08-08,496.03,-1,Early
299,299,2023-06-14,427.02,8,Delayed
300,300,2023-08-19,280.71,3,Delayed
301,301,2023-10-30,222.84,7,Delayed
302,302,2023-10-09,400.81,6,Delayed
303,303,2023-03-01,333.4,5,Delayed
304,304,2023-06-22,467.49,6,Delayed
305,305,2023-09-06,167.11,7,Delayed
306,306,2024-01-17,363.21,2,On-time
307,307,2024-01-16,258.52,7,Delayed
308,308,2023-06-29,65.69,7,Delayed
309,309,2023-07-24,91.17,1,On-time
310,310,2023-10-17,172.83,6,Delayed
311,311,2023-04-25,433.49,6,Delayed
312,312,2023-12-10,344.86,9,Delayed
313,313,2023-05-14,176.63,4,Delayed
314,314,2023-05-16,166.89,9,Delayed
315,315,2023-09-02,289.67,2,On-time
316,316,2023-09-16,357.47,2,On-time
317,317,2023-04-22,77.68,7,Delayed
318,318,2023-11-17,206.51,2,On-time
319,319,2023-12-26,439.02,-1,Early
320,320,2023-05-04,408.84,0,On-time
321,321,2023-05-29,120.8,5,Delayed
322,322,2023-11-15,157.41,6,Delayed
323,323,2023-02-05,328.38,2,On-time
324,324,2023-10-26,446.74,3,Delayed
325,325,2023-10-07,445.58,7,Delayed
326,326,2023-11-22,200.8,7,Delayed
327,327,2023-04-20,418.09,4,Delayed
328,328,2023-12-24,179.17,9,Delayed
329,329,2023-12-07,334.32,13,Delayed
330,330,2023-01-31,292.99,-1,Early
331,331,2023-04-02,177.5,0,On-time
332,332,2023-08-21,483.35,4,Delayed
333,333,2023-10-21,469.41,9,Delayed
334,334,2023-06-13,359.55,8,Delayed
335,335,2023-06-26,124.87,4,Delayed
336,336,2023-02-28,311.98,9,Delayed
337,337,2024-01-02,83.61,-2,Early
338,338,2023-03-11,488.07,1,On-time
339,339,2023-11-01,108.54,11,Delayed
340,340,2023-12-27,59.96,9,Delayed
341,341,2023-12-04,418.45,3,Delayed
342,342,2023-05-14,250.66,8,Delayed
343,343,2023-11-09,241.78,4,Delayed
344,344,2023-12-28,407.66,6,Delayed
345,345,2024-01-20,87.07,8,Delayed
346,346,2023-03-13,172.97,1,On-time
347,347,2023-06-14,64.09,3,Delayed
348,348,2023-06-03,435.81,7,Delayed
349,349,2023-08-30,173.4,1,On-time
350,350,2024-01-18,194.33,0,On-time
351,351,2023-04-05,145.9,3,Delayed
352,352,2023-09-14,215.84,-2,Early
353,353,2023-02-03,485.69,9,Delayed
354,354,2023-09-12,399.47,8,Delayed
355,355,2024-01-05,392.46,10,Delayed
356,356,2023-07-11,182.38,2,On-time
357,357,2023-05-07,327.49,10,Delayed
358,358,2023-12-24,319.25,6,Delayed
359,359,2023-12-06,301.29,9,Delayed
360,360,2023-05-22,343.18,6,Delayed
361,361,2023-03-05,408.9,2,On-time
362,362,2023-05-23,117.31,13,Delayed
363,363,2023-11-29,226.62,2,On-time
364,364,2023-04-06,362.74,3,Delayed
365,365,2023-03-26,458.52,3,Delayed
366,366,2023-07-30,97.22,8,Delayed
367,367,2023-01-23,306.91,-2,Early
368,368,2023-03-21,366.11,3,Delayed
369,369,2023-02-17,473.56,9,Delayed
370,370,2023-10-02,89.54,-2,Early
371,371,2023-10-04,211.01,0,On-time
372,372,2023-12-18,305.39,4,Delayed
373,373,2023-12-30,140.07,9,Delayed
374,374,2023-08-10,478.2,4,Delayed
375,375,2023-09-19,317.65,2,On-time
376,376,2023-06-28,293.58,6,Delayed
377,377,2023-03-17,476.31,4,Delayed
378,378,2023-12-03,202.75,11,Delayed
379,379,2023-07-31,347.37,8,Delayed
380,380,2023-09-01,402.72,1,On-time
381,381,2023-03-11,123.8,0,On-time
382,382,2023-11-01,316.98,10,Delayed
383,383,2023-05-18,442.3,9,Delayed
384,384,2023-08-12,261.58,7,Delayed
385,385,2023-06-29,245.14,7,Delayed
386,386,2023-05-19,59.39,0,On-time
387,387,2023-09-24,498.35,0,On-time
388,388,2023-03-07,86.69,6,Delayed
389,389,2023-07-21,82.49,0,On-time
390,390,2023-11-23,128.39,0,On-time
391,391,2024-01-02,384.22,4,Delayed
392,392,2023-12-20,380.91,1,On-time
393,393,2023-06-06,294.49,1,On-time
394,394,2023-03-09,247.38,0,On-time
395,395,2023-03-29,322.78,2,On-time
396,396,2023-07-26,344.75,1,On-time
397,397,2023-06-06,460.56,0,On-time
398,398,2023-11-01,259.62,9,Delayed
399,399,2023-12-26,109.21,4,Delayed
400,400,2023-12-15,320.83,5,Delayed
401,401,2023-06-14,487.13,7,Delayed
402,402,2023-01-24,81.11,4,Delayed
403,403,2023-12-31,441.84,6,Delayed
404,404,2023-12-21,348.18,5,Delayed
405,405,2023-05-17,225.99,4,Delayed
406,406,2023-07-16,436.09,6,Delayed
407,407,2023-07-02,398.06,2,On-time
408,408,2023-02-12,156.66,5,Delayed
409,409,2023-03-01,248.91,10,Delayed
410,410,2023-12-24,351.23,7,Delayed
411,411,2023-09-02,161.92,6,Delayed
412,412,2023-10-22,163.64,13,Delayed
413,413,2023-03-19,66.5,3,Delayed
414,414,2023-11-08,290.08,2,On-time
415,415,2023-06-13,412.55,0,On-time
416,416,2023-11-20,301.16,11,Delayed
417,417,2023-06-24,171.39,8,Delayed
418,418,2023-05-28,154.01,-1,Early
419,419,2023-01-17,104.95,7,Delayed
420,420,2023-04-14,89.85,3,Delayed
421,421,2024-01-13,68.71,-2,Early
422,422,2023-12-24,265.95,7,Delayed
423,423,2023-02-11,478.32,8,Delayed
424,424,2023-03-06,311.05,4,Delayed
425,425,2023-11-17,269.98,5,Delayed
426,426,2023-08-29,106.58,9,Delayed
427,427,2023-02-04,140.83,3,Delayed
428,428,2023-09-05,134.76,4,Delayed
429,429,2023-03-19,249.69,4,Delayed
430,430,2023-08-11,164.89,7,Delayed
431,431,2023-06-29,475.08,0,On-time
432,432,2023-04-28,159.87,7,Delayed
433,433,2023-03-19,306.77,9,Delayed
434,434,2023-07-15,407.98,9,Delayed
435,435,2023-04-06,147.05,1,On-time
436,436,2023-05-26,309.73,2,On-time
437,437,2023-04-22,322.23,9,Delayed
438,438,2023-09-26,497.0,8,Delayed
439,439,2023-11-07,179.91,6,Delayed
440,440,2023-12-14,231.86,10,Delayed
441,441,2023-06-23,413.53,1,On-time
442,442,2023-09-07,192.74,1,On-time
443,443,2023-06-12,183.59,8,Delayed
444,444,2023-10-15,196.06,4,Delayed
445,445,2023-09-04,303.55,9,Delayed
446,446,2023-06-20,251.91,0,On-time
447,447,2023-11-17,249.99,-2,Early
448,448,2023-09-11,321.55,3,Delayed
449,449,2023-02-08,275.2,9,Delayed
450,450,2023-05-02,283.59,4,Delayed
451,451,2023-10-03,416.19,8,Delayed
452,452,2023-03-21,229.47,6,Delayed
453,453,2023-10-04,264.51,2,On-time
454,454,2024-01-16,415.84,10,Delayed
455,455,2023-10-04,284.56,1,On-time
456,456,2023-07-30,53.4,2,On-time
457,457,2023-07-05,159.57,4,Delayed
458,458,2023-12-27,138.72,8,Delayed
459,459,2023-03-19,124.85,3,Delayed
460,460,2023-06-03,178.19,1,On-time
461,461,2023-11-29,289.52,13,Delayed
462,462,2023-11-11,324.65,5,Delayed
463,463,2023-12-23,489.53,-1,Early
464,464,2024-01-29,131.52,7,Delayed
465,465,2023-08-11,286.32,9,Delayed
466,466,2024-01-09,407.03,4,Delayed
467,467,2024-01-03,241.04,12,Delayed
468,468,2023-01-23,297.6,5,Delayed
469,469,2023-05-16,100.54,5,Delayed
470,470,2023-05-02,281.83,4,Delayed
471,471,2023-03-08,145.42,9,Delayed
472,472,2023-10-21,212.35,7,Delayed
473,473,2023-07-12,209.04,12,Delayed
474,474,2023-07-30,185.93,7,Delayed
475,475,2024-01-05,240.68,7,Delayed
476,476,2023-08-28,395.0,9,Delayed
477,477,2024-01-08,313.97,7,Delayed
478,478,2023-06-03,438.26,0,On-time
479,479,2023-05-25,130.3,4,Delayed
480,480,2023-07-24,323.19,2,On-time
481,481,2023-06-24,225.91,8,Delayed
482,482,2023-08-25,494.5,6,Delayed
483,483,2023-03-19,354.13,0,On-time
484,484,2023-09-19,372.92,7,Delayed
485,485,2024-01-08,203.49,-2,Early
486,486,2023-02-28,201.75,0,On-time
487,487,2023-10-07,169.2,6,Delayed
488,488,2023-05-06,136.34,4,Delayed
489,489,2023-08-12,204.6,5,Delayed
490,490,2023-08-03,283.58,4,Delayed
491,491,2023-07-29,81.47,-1,Early
492,492,2023-03-15,316.77,2,On-time
493,493,2023-02-07,195.95,0,On-time
494,494,2023-03-19,73.55,0,On-time
495,495,2023-02-05,301.0,9,Delayed
496,496,2023-05-01,200.11,-1,Early
497,497,2023-11-21,480.93,3,Delayed
498,498,2023-06-22,234.27,6,Delayed
499,499,2023-02-21,50.56,8,Delayed
500,500,2023-12-07,263.7,14,Delayed
501,501,2023-09-25,118.59,4,Delayed
502,502,2023-12-04,395.87,4,Delayed
503,503,2023-04-02,284.43,0,On-time
504,504,2023-11-22,404.56,3,Delayed
505,505,2023-08-16,278.08,-2,Early
506,506,2023-02-26,66.27,3,Delayed
507,507,2023-10-21,203.75,-2,Early
508,508,2023-11-11,471.63,6,Delayed
509,509,2023-02-20,421.38,6,Delayed
510,510,2023-01-26,443.0,9,Delayed
511,511,2023-05-31,273.63,8,Delayed
512,512,2023-07-04,225.97,3,Delayed
513,513,2023-11-11,102.36,14,Delayed
514,514,2023-12-24,353.44,-1,Early
515,515,2023-12-15,412.67,9,Delayed
516,516,2023-09-02,86.41,4,Delayed
517,517,2023-02-06,119.21,2,On-time
518,518,2023-06-18,489.02,0,On-time
519,519,2023-09-16,109.64,9,Delayed
520,520,2023-04-29,322.87,3,Delayed
521,521,2023-12-21,394.16,-2,Early
522,522,2023-07-21,229.4,1,On-time
523,523,2023-09-11,104.79,6,Delayed
524,524,2023-09-20,110.82,2,On-time
525,525,2023-06-11,399.53,1,On-time
526,526,2023-03-03,277.76,9,Delayed
527,527,2023-10-24,433.15,-1,Early
528,528,2023-03-11,342.59,8,Delayed
529,529,2023-06-14,304.0,0,On-time
530,530,2023-08-22,76.17,-1,Early
531,531,2023-07-17,328.77,10,Delayed
532,532,2023-07-14,126.8,6,Delayed
533,533,2023-12-02,186.47,2,On-time
534,534,2023-12-15,361.23,0,On-time
535,535,2023-12-28,498.51,-2,Early
536,536,2023-11-14,149.36,-2,Early
537,537,2023-02-24,431.61,1,On-time
538,538,2023-07-14,448.97,-1,Early
539,539,2023-01-25,236.36,0,On-time
540,540,2023-09-02,396.19,6,Delayed
541,541,2023-02-27,266.6,4,Delayed
542,542,2023-08-03,311.97,5,Delayed
543,543,2023-06-15,290.89,4,Delayed
544,544,2023-04-10,425.44,-2,Early
545,545,2023-11-05,79.08,2,On-time
546,546,2024-01-05,169.63,1,On-time
547,547,2023-06-10,429.96,8,Delayed
548,548,2023-04-08,107.24,4,Delayed
549,549,2024-01-08,381.81,-1,Early
550,550,2023-06-28,326.34,7,Delayed
551,551,2023-11-07,480.3,3,Delayed
552,552,2023-04-10,404.11,3,Delayed
553,553,2023-05-25,414.0,11,Delayed
554,554,2023-05-08,67.29,0,On-time
555,555,2023-11-05,421.31,11,Delayed
556,556,2023-10-25,452.8,4,Delayed
557,557,2023-02-26,450.23,5,Delayed
558,558,2023-09-17,117.58,4,Delayed
559,559,2023-11-24,356.1,9,Delayed
560,560,2023-12-24,372.35,5,Delayed
561,561,2023-12-25,55.45,0,On-time
562,562,2023-10-26,224.42,2,On-time
563,563,2023-08-21,398.59,1,On-time
564,564,2023-10-10,209.68,6,Delayed
565,565,2023-04-21,347.14,7,Delayed
566,566,2023-07-12,59.43,5,Delayed
567,567,2023-06-01,402.12,11,Delayed
568,568,2023-06-06,221.87,5,Delayed
569,569,2023-12-06,164.94,-1,Early
570,570,2023-12-14,339.76,3,Delayed
571,571,2023-04-12,453.12,7,Delayed
572,572,2023-12-06,181.77,9,Delayed
573,573,2023-02-13,268.71,5,Delayed
574,574,2023-11-08,69.68,9,Delayed
575,575,2023-11-04,151.08,3,Delayed
576,576,2023-01-28,297.54,6,Delayed
577,577,2023-06-23,474.38,7,Delayed
578,578,2024-01-09,138.86,1,On-time
579,579,2023-02-11,178.66,-2,Early
580,580,2023-08-13,166.29,6,Delayed
581,581,2023-07-01,149.48,-1,Early
582,582,2023-06-28,301.02,7,Delayed
583,583,2023-07-23,129.84,4,Delayed
584,584,2023-07-07,171.2,5,Delayed
585,585,2023-06-03,124.17,9,Delayed
586,586,2023-03-01,418.0,4,Delayed
587,587,2023-11-24,204.07,0,On-time
588,588,2023-07-04,315.66,3,Delayed
589,589,2023-04-29,97.67,5,Delayed
590,590,2023-09-07,443.0,4,Delayed
591,591,2023-02-13,122.03,8,Delayed
592,592,2023-09-18,415.29,7,Delayed
593,593,2023-07-17,496.31,11,Delayed
594,594,2023-09-24,445.92,5,Delayed
595,595,2023-09-15,299.79,-1,Early
596,596,2023-03-13,359.55,4,Delayed
597,597,2023-08-04,52.35,6,Delayed
598,598,2023-08-09,424.71,9,Delayed
599,599,2023-04-29,215.57,11,Delayed
600,600,2023-03-11,428.89,10,Delayed
601,601,2023-10-21,498.35,5,Delayed
602,602,2023-11-29,339.51,1,On-time
603,603,2023-08-07,316.87,9,Delayed
604,604,2023-07-20,50.85,2,On-time
605,605,2023-10-14,328.82,4,Delayed
606,606,2023-01-31,224.45,1,On-time
607,607,2023-06-24,266.44,-2,Early
608,608,2023-03-26,310.99,0,On-time
609,609,2023-07-01,73.76,6,Delayed
610,610,2023-08-03,412.25,5,Delayed
611,611,2023-12-02,274.22,11,Delayed
612,612,2023-10-06,200.41,0,On-time
613,613,2023-06-18,404.88,9,Delayed
614,614,2023-07-08,116.35,0,On-time
615,615,2023-07-08,156.14,6,Delayed
616,616,2023-05-31,410.62,1,On-time
617,617,2023-02-20,184.75,10,Delayed
618,618,2023-10-02,336.28,-2,Early
619,619,2023-04-13,496.01,8,Delayed
620,620,2024-01-22,307.34,9,Delayed
621,621,2023-09-06,213.01,2,On-time
622,622,2023-08-11,365.11,-1,Early
623,623,2023-11-19,283.14,3,Delayed
624,624,2023-02-17,166.68,5,Delayed
625,625,2023-11-14,428.87,9,Delayed
626,626,2023-10-21,245.83,2,On-time
627,627,2023-09-23,334.03,4,Delayed
628,628,2023-07-17,459.23,9,Delayed
629,629,2023-05-05,394.48,7,Delayed
630,630,2023-06-24,109.11,3,Delayed
631,631,2024-01-16,345.63,8,Delayed
632,632,2023-09-30,177.24,1,On-time
633,633,2023-10-28,167.77,7,Delayed
634,634,2023-11-16,404.21,0,On-time
635,635,2023-07-14,391.73,7,Delayed
636,636,2023-06-30,170.66,9,Delayed
637,637,2023-12-15,65.13,6,Delayed
638,638,2023-05-03,302.9,1,On-time
639,639,2023-10-24,234.99,2,On-time
640,640,2023-11-30,156.55,4,Delayed
641,641,2023-02-10,107.59,5,Delayed
642,642,2023-05-10,422.54,4,Delayed
643,643,2023-06-30,378.87,5,Delayed
644,644,2023-04-18,115.23,12,Delayed
645,645,2023-08-07,304.4,4,Delayed
646,646,2023-05-01,476.17,0,On-time
647,647,2023-12-12,101.34,9,Delayed
648,648,2023-12-15,238.1,1,On-time
649,649,2023-02-13,302.55,8,Delayed
650,650,2023-02-13,152.33,3,Delayed
651,651,2023-06-15,80.45,11,Delayed
652,652,2023-10-29,325.81,3,Delayed
653,653,2023-06-08,242.88,5,Delayed
654,654,2023-10-09,432.49,7,Delayed
655,655,2023-09-03,437.89,-1,Early
656,656,2023-07-05,295.44,0,On-time
657,657,2023-12-12,100.37,7,Delayed
658,658,2023-02-06,73.38,8,Delayed
659,659,2023-12-22,166.38,-2,Early
660,660,2023-12-17,391.29,1,On-time
661,661,2023-07-12,142.2,1,On-time
662,662,2023-03-08,122.73,2,On-time
663,663,2023-07-17,302.08,13,Delayed
664,664,2023-08-15,62.23,11,Delayed
665,665,2023-07-12,204.65,6,Delayed
666,666,2023-11-24,274.02,9,Delayed
667,667,2023-07-26,253.26,3,Delayed
668,668,2023-03-18,399.03,8,Delayed
669,669,2023-08-06,134.03,0,On-time
670,670,2024-01-13,406.78,5,Delayed
671,671,2023-07-17,190.56,1,On-time
672,672,2023-03-22,461.79,6,Delayed
673,673,2023-11-20,251.42,5,Delayed
674,674,2023-10-20,192.54,5,Delayed
675,675,2023-12-19,453.73,0,On-time
676,676,2024-01-05,113.32,13,Delayed
677,677,2023-08-25,213.66,-2,Early
678,678,2023-03-06,190.92,11,Delayed
679,679,2023-10-26,435.59,8,Delayed
680,680,2023-10-21,277.34,8,Delayed
681,681,2023-09-30,492.85,-2,Early
682,682,2023-05-04,195.36,4,Delayed
683,683,2023-10-08,242.37,11,Delayed
684,684,2023-03-23,359.09,4,Delayed
685,685,2023-10-22,373.71,0,On-time
686,686,2023-12-28,220.56,-1,Early
687,687,2023-07-29,436.18,0,On-time
688,688,2023-05-12,99.84,6,Delayed
689,689,2023-08-22,262.03,9,Delayed
690,690,2023-10-20,211.01,9,Delayed
691,691,2023-02-05,445.92,1,On-time
692,692,2023-03-30,100.82,7,Delayed
693,693,2023-09-16,157.94,7,Delayed
694,694,2024-01-17,382.85,6,Delayed
695,695,2023-07-18,343.02,1,On-time
696,696,2023-08-05,412.79,5,Delayed
697,697,2023-05-28,106.82,8,Delayed
698,698,2023-06-09,358.85,-1,Early
699,699,2023-10-27,125.21,9,Delayed
700,700,2023-05-18,426.67,1,On-time
701,701,2023-04-01,203.17,4,Delayed
702,702,2023-03-12,187.39,7,Delayed
703,703,2023-12-08,186.78,2,On-time
704,704,2023-03-01,442.04,6,Delayed
705,705,2023-08-31,76.59,6,Delayed
706,706,2023-02-12,443.4,-1,Early
707,707,2023-08-10,99.95,8,Delayed
708,708,2023-05-03,152.03,5,Delayed
709,709,2023-06-19,221.18,2,On-time
710,710,2023-07-05,68.91,8,Delayed
711,711,2023-07-08,484.81,5,Delayed
712,712,2023-12-20,181.5,5,Delayed
713,713,2023-06-12,364.69,2,On-time
714,714,2023-11-24,483.26,9,Delayed
715,715,2023-09-08,423.23,6,Delayed
716,716,2023-07-27,252.43,9,Delayed
717,717,2024-01-11,293.31,7,Delayed
718,718,2023-06-30,70.76,5,Delayed
719,719,2023-09-17,185.57,-2,Early
720,720,2024-01-17,151.86,8,Delayed
721,721,2023-11-02,456.3,6,Delayed
722,722,2023-10-17,198.68,7,Delayed
723,723,2023-05-28,133.4,5,Delayed
724,724,2023-02-22,427.17,4,Delayed
725,725,2023-10-23,497.95,9,Delayed
726,726,2023-07-20,346.47,-1,Early
727,727,2023-02-20,269.77,1,On-time
728,728,2024-01-07,459.33,2,On-time
729,729,2023-05-11,79.11,3,Delayed
730,730,2023-04-29,362.5,-2,Early
731,731,2023-09-27,245.57,5,Delayed
732,732,2024-01-14,124.17,6,Delayed
733,733,2023-11-03,334.09,3,Delayed
734,734,2023-07-25,337.82,3,Delayed
735,735,2023-07-25,96.9,4,Delayed
736,736,2023-10-01,486.84,5,Delayed
737,737,2023-10-03,320.29,14,Delayed
738,738,2023-07-01,171.03,9,Delayed
739,739,2023-05-08,164.48,3,Delayed
740,740,2023-10-23,321.83,-2,Early
741,741,2023-08-28,174.57,8,Delayed
742,742,2023-07-05,262.84,-2,Early
743,743,2023-05-12,324.85,0,On-time
744,744,2024-01-08,282.46,1,On-time
745,745,2023-12-06,72.27,5,Delayed
746,746,2023-07-21,98.61,5,Delayed
747,747,2023-10-20,247.34,7,Delayed
748,748,2023-12-08,469.29,7,Delayed
749,749,2023-02-22,178.05,8,Delayed
750,750,2023-08-09,205.35,-2,Early
751,751,2023-02-19,63.35,4,Delayed
752,752,2023-10-02,252.77,8,Delayed
753,753,2023-11-19,378.44,-2,Early
754,754,2023-10-12,371.31,10,Delayed
755,755,2023-10-31,183.53,9,Delayed
756,756,2023-10-18,419.54,12,Delayed
757,757,2023-01-26,50.95,7,Delayed
758,758,2023-08-29,442.22,4,Delayed
759,759,2023-10-06,222.73,-1,Early
760,760,2023-11-25,104.46,1,On-time
761,761,2023-06-17,455.14,9,Delayed
762,762,2023-08-13,209.65,9,Delayed
763,763,2024-01-15,340.74,4,Delayed
764,764,2023-02-24,317.15,7,Delayed
765,765,2023-08-12,112.49,7,Delayed
766,766,2023-03-01,443.16,6,Delayed
767,767,2023-02-19,383.44,1,On-time
768,768,2023-07-08,496.07,5,Delayed
769,769,2023-02-09,239.92,-1,Early
770,770,2023-10-24,87.98,0,On-time
771,771,2023-02-27,413.61,12,Delayed
772,772,2023-12-17,343.53,8,Delayed
773,773,2023-01-30,433.33,9,Delayed
774,774,2024-01-23,173.92,1,On-time
775,775,2023-04-12,315.63,4,Delayed
776,776,2023-08-25,420.09,11,Delayed
777,777,2023-04-15,391.71,9,Delayed
778,778,2023-07-07,311.99,4,Delayed
779,779,2023-05-30,62.34,7,Delayed
780,780,2023-11-28,218.55,9,Delayed
781,781,2023-01-28,340.58,5,Delayed
782,782,2023-05-09,205.64,4,Delayed
783,783,2023-08-27,282.76,1,On-time
784,784,2023-12-26,203.27,-1,Early
785,785,2023-06-28,190.05,8,Delayed
786,786,2023-02-24,288.99,5,Delayed
787,787,2024-01-12,301.86,1,On-time
788,788,2023-06-21,487.41,1,On-time
789,789,2023-01-31,289.36,10,Delayed
790,790,2023-06-08,143.99,1,On-time
791,791,2023-04-26,122.01,8,Delayed
792,792,2023-10-21,116.18,-1,Early
793,793,2023-02-09,455.04,2,On-time
794,794,2023-03-04,191.29,7,Delayed
795,795,2023-08-15,497.69,4,Delayed
796,796,2023-08-22,179.78,11,Delayed
797,797,2023-05-20,486.83,1,On-time
798,798,2024-01-11,119.37,3,Delayed
799,799,2023-06-03,125.75,-2,Early
800,800,2023-04-13,248.2,4,Delayed
801,801,2023-06-12,369.06,9,Delayed
802,802,2023-02-24,204.1,7,Delayed
803,803,2023-12-02,423.81,9,Delayed
804,804,2023-04-20,311.21,1,On-time
805,805,2023-07-10,117.73,10,Delayed
806,806,2023-12-05,230.8,-1,Early
807,807,2023-07-03,185.22,0,On-time
808,808,2023-04-01,329.3,3,Delayed
809,809,2024-01-07,116.59,4,Delayed
810,810,2023-04-25,294.36,2,On-time
811,811,2023-12-28,316.86,0,On-time
812,812,2023-07-09,290.02,1,On-time
813,813,2023-08-03,385.64,9,Delayed
814,814,2023-11-30,407.39,4,Delayed
815,815,2023-11-04,65.51,1,On-time
816,816,2024-01-13,258.2,3,Delayed
817,817,2024-01-23,438.6,9,Delayed
818,818,2023-09-28,178.6,4,Delayed
819,819,2023-05-09,248.55,-2,Early
820,820,2023-09-04,271.55,8,Delayed
821,821,2023-11-10,452.5,1,On-time
822,822,2023-10-19,422.38,8,Delayed
823,823,2023-10-15,264.42,3,Delayed
824,824,2023-10-16,51.43,6,Delayed
825,825,2023-03-16,451.89,0,On-time
826,826,2023-07-17,165.22,0,On-time
827,827,2023-02-08,331.97,2,On-time
828,828,2023-12-24,264.58,4,Delayed
829,829,2023-09-02,361.64,5,Delayed
830,830,2023-06-08,340.01,7,Delayed
831,831,2023-11-07,175.44,11,Delayed
832,832,2023-05-07,407.03,5,Delayed
833,833,2023-09-14,354.57,5,Delayed
834,834,2023-03-25,51.04,-2,Early
835,835,2023-03-15,425.37,2,On-time
836,836,2023-03-10,52.55,-2,Early
837,837,2023-07-10,346.34,7,Delayed
838,838,2023-09-13,326.12,0,On-time
839,839,2023-08-26,375.42,5,Delayed
840,840,2023-06-10,79.7,1,On-time
841,841,2023-02-02,334.44,0,On-time
842,842,2023-12-28,95.42,-1,Early
843,843,2023-10-11,84.59,3,Delayed
844,844,2023-07-21,159.0,6,Delayed
845,845,2023-05-24,82.81,3,Delayed
846,846,2023-04-23,154.57,5,Delayed
847,847,2023-11-27,181.63,4,Delayed
848,848,2023-09-04,457.75,5,Delayed
849,849,2023-05-06,151.71,4,Delayed
850,850,2023-02-22,65.15,6,Delayed
851,851,2023-04-14,341.52,0,On-time
852,852,2023-09-14,373.91,3,Delayed
853,853,2023-09-25,331.15,7,Delayed
854,854,2023-11-25,286.83,1,On-time
855,855,2023-11-17,420.14,1,On-time
856,856,2023-09-05,303.48,5,Delayed
857,857,2024-01-16,398.91,1,On-time
858,858,2023-02-23,121.38,-1,Early
859,859,2023-05-20,333.3,-1,Early
860,860,2023-07-30,231.1,8,Delayed
861,861,2023-08-17,280.01,6,Delayed
862,862,2023-08-06,317.07,9,Delayed
863,863,2023-12-16,427.7,-2,Early
864,864,2023-05-01,473.2,6,Delayed
865,865,2023-06-17,212.11,9,Delayed
866,866,2023-08-27,439.95,0,On-time
867,867,2023-01-14,451.34,3,Delayed
868,868,2023-08-16,219.79,5,Delayed
869,869,2023-10-02,102.21,9,Delayed
870,870,2023-08-13,224.44,4,Delayed
871,871,2023-03-08,354.13,10,Delayed
872,872,2023-06-09,443.98,4,Delayed
873,873,2023-10-28,392.47,7,Delayed
874,874,2023-10-21,474.79,-2,Early
875,875,2023-03-19,401.82,6,Delayed
876,876,2023-10-28,97.16,14,Delayed
877,877,2023-09-17,275.18,8,Delayed
878,878,2023-03-19,99.94,6,Delayed
879,879,2023-08-26,73.56,0,On-time
880,880,2023-09-07,298.43,6,Delayed
881,881,2023-05-05,145.4,3,Delayed
882,882,2024-01-15,378.72,8,Delayed
883,883,2023-04-06,355.02,3,Delayed
884,884,2023-04-21,468.86,-1,Early
885,885,2023-10-10,192.03,3,Delayed
886,886,2023-04-27,356.99,9,Delayed
887,887,2023-06-15,450.6,3,Delayed
888,888,2024-01-11,350.09,9,Delayed
889,889,2023-02-05,282.14,-2,Early
890,890,2024-01-15,359.62,9,Delayed
891,891,2024-01-28,427.22,7,Delayed
892,892,2023-07-25,236.14,-2,Early
893,893,2023-12-05,198.61,8,Delayed
894,894,2023-07-29,54.47,9,Delayed
895,895,2023-03-21,68.75,10,Delayed
896,896,2024-01-06,190.34,7,Delayed
897,897,2023-07-10,148.91,9,Delayed
898,898,2023-03-11,106.5,14,Delayed
899,899,2024-01-03,222.16,2,On-time
900,900,2023-08-10,169.51,6,Delayed
901,901,2023-09-20,382.56,2,On-time
902,902,2023-07-22,217.28,4,Delayed
903,903,2023-10-31,296.77,8,Delayed
904,904,2023-02-03,60.62,3,Delayed
905,905,2023-09-28,322.77,10,Delayed
906,906,2023-08-27,229.1,5,Delayed
907,907,2023-04-28,369.56,3,Delayed
908,908,2023-03-29,263.03,-1,Early
909,909,2023-07-20,76.03,9,Delayed
910,910,2024-01-04,157.62,12,Delayed
911,911,2023-12-15,295.02,10,Delayed
912,912,2023-05-23,142.24,11,Delayed
913,913,2024-01-22,113.36,7,Delayed
914,914,2023-10-05,191.82,9,Delayed
915,915,2023-05-06,415.01,0,On-time
916,916,2023-02-09,123.75,10,Delayed
917,917,2023-03-23,205.34,8,Delayed
918,918,2023-09-27,376.24,1,On-time
919,919,2023-03-14,368.47,8,Delayed
920,920,2023-07-25,468.77,-1,Early
921,921,2023-03-22,251.45,1,On-time
922,922,2023-11-13,185.86,3,Delayed
923,923,2023-04-02,275.27,-1,Early
924,924,2023-05-08,329.41,7,Delayed
925,925,2023-12-31,296.09,5,Delayed
926,926,2023-03-04,250.49,0,On-time
927,927,2023-12-01,353.46,11,Delayed
928,928,2023-06-25,406.91,3,Delayed
929,929,2023-12-29,346.6,8,Delayed
930,930,2023-11-18,478.14,6,Delayed
931,931,2023-06-27,491.51,7,Delayed
932,932,2023-05-02,256.53,6,Delayed
933,933,2023-04-28,82.89,-1,Early
934,934,2023-02-19,56.39,3,Delayed
935,935,2023-03-29,458.55,11,Delayed
936,936,2023-11-24,227.84,-1,Early
937,937,2023-07-29,226.76,4,Delayed
938,938,2023-11-07,373.25,7,Delayed
939,939,2023-12-30,401.61,-2,Early
940,940,2023-03-05,397.23,1,On-time
941,941,2023-01-18,425.93,3,Delayed
942,942,2023-02-23,466.79,1,On-time
943,943,2023-12-07,70.73,9,Delayed
944,944,2023-09-03,431.62,7,Delayed
945,945,2023-11-04,164.22,7,Delayed
946,946,2023-06-24,266.4,8,Delayed
947,947,2023-10-13,119.21,12,Delayed
948,948,2023-07-18,496.96,9,Delayed
949,949,2023-12-31,217.28,8,Delayed
950,950,2023-09-01,64.68,1,On-time
951,951,2023-03-03,309.71,5,Delayed
952,952,2023-11-18,162.95,0,On-time
953,953,2023-12-25,237.02,1,On-time
954,954,2024-01-07,136.22,-2,Early
955,955,2023-04-01,277.68,1,On-time
956,956,2023-10-09,152.91,10,Delayed
957,957,2023-03-11,440.05,-2,Early
958,958,2023-02-17,311.73,11,Delayed
959,959,2023-10-28,242.38,8,Delayed
960,960,2023-11-27,177.12,11,Delayed
961,961,2023-10-06,456.69,9,Delayed
962,962,2023-11-12,238.75,9,Delayed
963,963,2023-06-02,450.0,3,Delayed
964,964,2023-03-19,316.01,-1,Early
965,965,2023-01-14,317.21,6,Delayed
966,966,2023-02-08,213.96,9,Delayed
967,967,2023-04-15,278.11,12,Delayed
968,968,2024-01-13,422.04,0,On-time
969,969,2023-05-21,397.01,1,On-time
970,970,2023-06-21,282.05,9,Delayed
971,971,2023-03-11,177.11,-2,Early
972,972,2023-04-30,226.32,9,Delayed
973,973,2023-08-22,50.01,4,Delayed
974,974,2023-07-06,212.98,6,Delayed
975,975,2023-09-27,151.76,11,Delayed
976,976,2023-06-16,246.87,3,Delayed
977,977,2023-12-04,136.0,0,On-time
978,978,2023-11-14,348.37,9,Delayed
979,979,2023-11-03,240.18,8,Delayed
980,980,2023-08-24,418.11,1,On-time
981,981,2023-07-30,106.41,8,Delayed
982,982,2024-01-07,232.59,13,Delayed
983,983,2023-07-03,294.11,7,Delayed
984,984,2023-05-19,85.31,5,Delayed
985,985,2023-03-30,125.29,9,Delayed
986,986,2023-05-15,332.8,6,Delayed
987,987,2023-07-21,320.7,3,Delayed
988,988,2023-11-14,108.47,1,On-time
989,989,2023-12-17,281.23,2,On-time
990,990,2023-10-30,487.59,6,Delayed
991,991,2023-04-01,131.09,5,Delayed
992,992,2023-07-07,464.45,4,Delayed
993,993,2023-07-12,432.71,4,Delayed
994,994,2023-05-30,413.18,6,Delayed
995,995,2023-11-21,201.02,6,Delayed
996,996,2023-04-04,103.49,1,On-time
997,997,2023-08-16,302.93,0,On-time
998,998,2023-04-29,190.39,4,Delayed
999,999,2023-06-11,403.79,7,Delayed
1000,1000,2024-01-06,61.34,1,On-time
